**Jan**, , , , , , , , ,
2022-01-01, Montroy, ES, few clouds, 3.2, 43%, 4.7, W, 08:22, 17:49
2022-01-01, Montroy, ES, clear sky, 19, 59%, 3.0, E, 08:22, 17:49
2022-01-01, Montroy, ES, clear sky, 14.5, 69%, 1.0, S, 08:22, 17:49
2022-01-02, Montroy, ES, few clouds, 8.8, 60%, 2.0, WSW, 08:22, 17:50
2022-01-02, Montroy, ES, scattered clouds, 18.7, 47%, 4.0, ESE, 08:22, 17:50
2022-01-02, Montroy, ES, overcast clouds, 13.8, 67%, 1.0, S, 08:22, 17:50
2022-01-03, Montroy, ES, few clouds, 7.4, 82%, 5.6, W, 08:22, 17:51
2022-01-03, Montroy, ES, scattered clouds, 17.1, 37%, 5.6, WSW, 08:22, 17:51
2022-01-03, Montroy, ES, overcast clouds, 13.3, 77%, 1.0, S, 08:22, 17:51
2022-01-04, Montroy, ES, few clouds, 12.3, 66%, 3.0, SE, 08:22, 17:51
2022-01-04, Montroy, ES, scattered clouds, 21.4, 46%, 11.0, W, 08:22, 17:51
2022-01-04, Montroy, ES, broken clouds, 19.6, 46%, 13.4, W, 08:22, 17:51
2022-01-05, Montroy, ES, clear sky, 10.3, 56%, 22.0, WNW, 08:22, 17:52
2022-01-05, Montroy, ES, clear sky, 13.2, 32%, 18.0, WNW, 08:22, 17:52
2022-01-05, Montroy, ES, few clouds, 12.7, 34%, 8.0, WNW, 08:22, 17:52
2022-01-06, Montroy, ES, clear sky, 4.2, 70%, 6.0, WNW, 08:22, 17:53
2022-01-06, Montroy, ES, clear sky, 11.4, 26%, 4.1, W, 08:22, 17:53
2022-01-06, Montroy, ES, clear sky, 9.9, 44%, 3.1, SE, 08:22, 17:53
2022-01-07, Montroy, ES, clear sky, 3.4, 58%, 2.0, WNW, 08:22, 17:54
2022-01-07, Montroy, ES, few clouds, 13.5, 36%, 5.0, S, 08:22, 17:54
2022-01-07, Montroy, ES, few clouds, 13.8, 48%, 9.2, NW, 08:22, 17:54
2022-01-08, Montroy, ES, clear sky, 5.5, 61%, 1.0, S, 08:22, 17:55
2022-01-08, Montroy, ES, clear sky, 14.5, 35%, 10.1, W, 08:22, 17:55
2022-01-08, Montroy, ES, scattered clouds, 13.3, 48%, 12.0, W, 08:22, 17:55
2022-01-09, Montroy, ES, overcast clouds, 8.6, 57%, 18.0, WNW, 08:22, 17:56
2022-01-09, Montroy, ES, overcast clouds, 14, 58%, 17.0, W, 08:22, 17:56
2022-01-09, Montroy, ES, overcast clouds, 17, 46%, 12.0, WNW, 08:22, 17:56
2022-01-10, Montroy, ES, overcast clouds, 14, 66%, 12.1, W, 08:22, 17:57
2022-01-10, Montroy, ES, broken clouds, 20.5, 43%, 18.8, NW, 08:22, 17:57
2022-01-10, Montroy, ES, clear sky, 20, 49%, 11.3, NW, 08:22, 17:57
2022-01-11, Montroy, ES, broken clouds, 10.4, 96%, 3.6, E, 08:21, 17:58
2022-01-11, Montroy, ES, overcast clouds, 11.6, 89%, 2.7, ENE, 08:21, 17:58
2022-01-11, Montroy, ES, overcast clouds, 12.4, 81%, 4.1, SSE, 08:21, 17:58
2022-01-12, Montroy, ES, clear sky, 5.5, 68%, 3.5, WNW, 08:21, 17:59
2022-01-12, Montroy, ES, scattered clouds, 13, 47%, 5.5, ENE, 08:21, 17:59
2022-01-12, Montroy, ES, scattered clouds, 12.1, 64%, 1.0, N, 08:21, 17:59
2022-01-13, Montroy, ES, overcast clouds, 7.2, 93%, 3.0, WNW, 08:21, 18:00
2022-01-13, Montroy, ES, broken clouds, 12, 71%, 4.0, ENE, 08:21, 18:00
2022-01-13, Montroy, ES, few clouds, 10.8, 69%, 1.0, ESE, 08:21, 18:00
2022-01-14, Montroy, ES, broken clouds, 5.5, 84%, 5.0, WNW, 08:21, 18:01
2022-01-14, Montroy, ES, broken clouds, 10.7, 55%, 3.7, ENE, 08:21, 18:01
2022-01-14, Montroy, ES, scattered clouds, 10.4, 65%, 2.0, SSE, 08:21, 18:01
2022-01-15, Montroy, ES, clear sky, 3.1, 86%, 2.0, W, 08:20, 18:02
2022-01-15, Montroy, ES, clear sky, 12.9, 56%, 2.0, E, 08:20, 18:02
2022-01-15, Montroy, ES, clear sky, 11.9, 51%, 3.2, WSW, 08:20, 18:02
2022-01-16, Montroy, ES, clear sky, 2.7, 74%, 1.0, W, 08:20, 18:03
2022-01-16, Montroy, ES, clear sky, 12.6, 45%, 1.7, W, 08:20, 18:03
2022-01-16, Montroy, ES, clear sky, 10.8, 60%, 2.0, SE, 08:20, 18:03
2022-01-17, Montroy, ES, clear sky, 2.5, 74%, 3.0, WNW, 08:19, 18:04
2022-01-17, Montroy, ES, clear sky, 12.8, 46%, 5.0, SE, 08:19, 18:04
2022-01-17, Montroy, ES, clear sky, 11, 58%, 3.0, SE, 08:19, 18:04
2022-01-18, Montroy, ES, clear sky, 2.3, 61%, 5.3, W, 08:19, 18:05
2022-01-18, Montroy, ES, clear sky, 11.8, 32%, 3.6, ESE, 08:19, 18:05
2022-01-18, Montroy, ES, clear sky, 10.9, 59%, 2.0, SE, 08:19, 18:05
2022-01-19, Montroy, ES, clear sky, 4.3, 81%, 3.0, WNW, 08:19, 18:07
2022-01-19, Montroy, ES, clear sky, 10.9, 59%, 3.9, ENE, 08:19, 18:07
2022-01-19, Montroy, ES, clear sky, 10.7, 65%, 3.0, ESE, 08:19, 18:07
2022-01-20, Montroy, ES, clear sky, 3, 87%, 3.0, W, 08:18, 18:08
2022-01-20, Montroy, ES, clear sky, 10.9, 55%, 3.5, E, 08:18, 18:08
2022-01-20, Montroy, ES, clear sky, 10.8, 63%, 2.0, S, 08:18, 18:08
2022-01-21, Montroy, ES, clear sky, 2.7, 77%, 2.0, W, 08:17, 18:09
2022-01-21, Montroy, ES, clear sky, 12, 43%, 3.5, E, 08:17, 18:09
2022-01-21, Montroy, ES, clear sky, 10.7, 69%, 4.0, ESE, 08:17, 18:09
2022-01-22, Montroy, ES, overcast clouds, 5.8, 72%, 3.0, NW, 08:17, 18:10
2022-01-22, Montroy, ES, broken clouds, 10.9, 55%, 3.0, SE, 08:17, 18:10
2022-01-22, Montroy, ES, broken clouds, 10.5, 70%, 3.0, ESE, 08:17, 18:10
2022-01-23, Montroy, ES, scattered clouds, 6.8, 87%, 4.0, NNW, 08:16, 18:11
2022-01-23, Montroy, ES, scattered clouds, 10.2, 66%, 1.0, E, 08:16, 18:11
2022-01-23, Montroy, ES, overcast clouds, 9.3, 84%, 4.0, NW, 08:16, 18:11
2022-01-24, Montroy, ES, broken clouds, 7.1, 89%, 2.0, WNW, 08:16, 18:12
2022-01-24, Montroy, ES, broken clouds, 10.3, 82%, 5.0, NW, 08:16, 18:12
2022-01-24, Montroy, ES, broken clouds, 10.5, 81%, 5.0, N, 08:16, 18:12
2022-01-25, Montroy, ES, overcast clouds, 8.2, 93%, 6.0, NW, 08:15, 18:13
2022-01-25, Montroy, ES, overcast clouds, 12.1, 85%, 3.0, NNE, 08:15, 18:13
2022-01-25, Montroy, ES, broken clouds, 11.3, 76%, 4.0, E, 08:15, 18:13
2022-01-26, Montroy, ES, overcast clouds, 5.6, 86%, 9.0, NW, 08:14, 18:15
2022-01-26, Montroy, ES, broken clouds, 12.3, 63%, 4.7, E, 08:14, 18:15
2022-01-26, Montroy, ES, scattered clouds, 11.7, 74%, 4.0, ESE, 08:14, 18:15
2022-01-27, Montroy, ES, clear sky, 3.1, 79%, 2.0, W, 08:14, 18:16
2022-01-27, Montroy, ES, clear sky, 12.9, 33%, 3.1, E, 08:14, 18:16
2022-01-27, Montroy, ES, clear sky, 12.9, 52%, 3.8, E, 08:14, 18:16
2022-01-28, Montroy, ES, clear sky, 3.5, 60%, 3.0, WNW, 08:13, 18:17
2022-01-28, Montroy, ES, clear sky, 14.9, 32%, 4.0, ESE, 08:13, 18:17
2022-01-28, Montroy, ES, clear sky, 14, 35%, 2.9, S, 08:13, 18:17
2022-01-29, Montroy, ES, clear sky, 4.3, 45%, 1.0, W, 08:12, 18:18
2022-01-29, Montroy, ES, clear sky, 16, 30%, 4.0, SSE, 08:12, 18:18
2022-01-29, Montroy, ES, clear sky, 12.8, 64%, 3.0, ESE, 08:12, 18:18
2022-01-30, Montroy, ES, clear sky, 4.4, 44%, 2.0, W, 08:11, 18:19
2022-01-30, Montroy, ES, clear sky, 18.8, 34%, 3.0, SE, 08:11, 18:19
2022-01-30, Montroy, ES, clear sky, 15.8, 37%, 4.5, WSW, 08:11, 18:19
2022-01-31, Montroy, ES, clear sky, 8, 31%, 7.0, W, 08:10, 18:21
2022-01-31, Montroy, ES, clear sky, 19.2, 19%, 8.2, WNW, 08:10, 18:21
2022-01-31, Montroy, ES, clear sky, 15.7, 28%, 2.7, NNW, 08:10, 18:21
**Feb**, , , , , , , , ,
2022-02-01, Montroy, ES, clear sky, 7.4, 56%, 2.0, W, 08:09, 18:22
2022-02-01, Montroy, ES, clear sky, 15.5, 30%, 2.4, WNW, 08:09, 18:22
2022-02-01, Montroy, ES, clear sky, 16.2, 49%, 3.3, ESE, 08:09, 18:22
2022-02-02, Montroy, ES, clear sky, 8.7, 59%, 4.0, WNW, 08:08, 18:23
2022-02-02, Montroy, ES, clear sky, 20.6, 34%, 2.0, E, 08:08, 18:23
2022-02-02, Montroy, ES, clear sky, 15.7, 63%, 0.6, NE, 08:08, 18:23
2022-02-03, Montroy, ES, broken clouds, 8, 60%, 1.0, WSW, 08:08, 18:24
2022-02-03, Montroy, ES, broken clouds, 21.2, 38%, 5.0, WSW, 08:08, 18:24
2022-02-03, Montroy, ES, scattered clouds, 18.4, 40%, 8.8, WSW, 08:08, 18:24
2022-02-04, Montroy, ES, scattered clouds, 8.6, 60%, 4.0, WNW, 08:07, 18:25
2022-02-04, Montroy, ES, scattered clouds, 17.3, 38%, 5.0, W, 08:07, 18:25
2022-02-04, Montroy, ES, overcast clouds, 13.5, 78%, 3.0, ESE, 08:07, 18:25
2022-02-05, Montroy, ES, overcast clouds, 10.4, 77%, 2.0, WNW, 08:06, 18:27
2022-02-05, Montroy, ES, overcast clouds, 14.3, 67%, 3.0, NNW, 08:06, 18:27
2022-02-05, Montroy, ES, overcast clouds, 12.9, 75%, 2.0, S, 08:06, 18:27
2022-02-06, Montroy, ES, overcast clouds, 8.6, 85%, 1.0, W, 08:05, 18:28
2022-02-06, Montroy, ES, scattered clouds, 13.9, 56%, 1.7, SE, 08:05, 18:28
2022-02-06, Montroy, ES, scattered clouds, 13.5, 64%, 5.9, E, 08:05, 18:28
2022-02-07, Montroy, ES, clear sky, 5.1, 74%, 3.0, W, 08:04, 18:29
2022-02-07, Montroy, ES, clear sky, 15.8, 38%, 2.0, SE, 08:04, 18:29
2022-02-07, Montroy, ES, clear sky, 14.4, 44%, 4.3, ESE, 08:04, 18:29
2022-02-08, Montroy, ES, clear sky, 5.5, 70%, 2.0, W, 08:02, 18:30
2022-02-08, Montroy, ES, clear sky, 14.7, 58%, 3.0, SSE, 08:02, 18:30
2022-02-08, Montroy, ES, clear sky, 14.1, 64%, 5.0, E, 08:02, 18:30
2022-02-09, Montroy, ES, clear sky, 8.6, 90%, 2.7, W, 08:01, 18:31
2022-02-09, Montroy, ES, few clouds, 13.7, 62%, 6.0, E, 08:01, 18:31
2022-02-09, Montroy, ES, clear sky, 12.8, 72%, 5.0, ESE, 08:01, 18:31
2022-02-10, Montroy, ES, clear sky, 6.1, 86%, 2.0, W, 08:00, 18:32
2022-02-10, Montroy, ES, clear sky, 14.2, 53%, 4.7, ESE, 08:00, 18:32
2022-02-11, Montroy, ES, overcast clouds, 5.5, 86%, 2.0, W, 07:59, 18:34
2022-02-11, Montroy, ES, broken clouds, 14.5, 47%, 6.5, E, 07:59, 18:34
2022-02-11, Montroy, ES, few clouds, 13.7, 53%, 2.0, ENE, 07:59, 18:34
2022-02-12, Montroy, ES, clear sky, 6.3, 84%, 2.0, W, 07:58, 18:35
2022-02-12, Montroy, ES, few clouds, 14.9, 58%, 5.0, E, 07:58, 18:35
2022-02-12, Montroy, ES, few clouds, 13.2, 77%, 8.0, ESE, 07:58, 18:35
2022-02-13, Montroy, ES, overcast clouds, 7.3, 87%, 2.0, WNW, 07:57, 18:36
2022-02-13, Montroy, ES, broken clouds, 15.4, 55%, 6.0, SW, 07:57, 18:36
2022-02-13, Montroy, ES, scattered clouds, 14.9, 54%, 8.9, WSW, 07:57, 18:36
2022-02-14, Montroy, ES, few clouds, 11.3, 73%, 6.0, W, 07:56, 18:37
2022-02-14, Montroy, ES, few clouds, 16.5, 31%, 11.0, SW, 07:56, 18:37
2022-02-14, Montroy, ES, clear sky, 17, 27%, 12.0, WNW, 07:56, 18:37
2022-02-15, Montroy, ES, few clouds, 6.8, 55%, 3.0, WSW, 07:54, 18:38
2022-02-15, Montroy, ES, broken clouds, 14.5, 32%, 14.0, WNW, 07:54, 18:38
2022-02-15, Montroy, ES, overcast clouds, 17.7, 24%, 3.0, W, 07:54, 18:38
2022-02-16, Montroy, ES, broken clouds, 8.7, 50%, 3.0, ESE, 07:53, 18:39
2022-02-16, Montroy, ES, scattered clouds, 18.5, 32%, 11.0, WNW, 07:53, 18:39
2022-02-16, Montroy, ES, broken clouds, 20.1, 32%, 11.0, W, 07:53, 18:39
2022-02-17, Montroy, ES, broken clouds, 10.4, 60%, 7.9, W, 07:52, 18:41
2022-02-17, Montroy, ES, scattered clouds, 20.8, 34%, 4.0, E, 07:52, 18:41
2022-02-17, Montroy, ES, few clouds, 17.5, 44%, 5.0, E, 07:52, 18:41
2022-02-18, Montroy, ES, few clouds, 9, 64%, 2.0, WSW, 07:51, 18:42
2022-02-18, Montroy, ES, clear sky, 20.9, 24%, 7.4, WSW, 07:51, 18:42
2022-02-18, Montroy, ES, broken clouds, 19, 28%, 9.6, W, 07:51, 18:42
2022-02-19, Montroy, ES, overcast clouds, 11.5, 85%, 3.0, NNW, 07:49, 18:43
2022-02-19, Montroy, ES, overcast clouds, 14.1, 66%, 8.0, ENE, 07:49, 18:43
2022-02-19, Montroy, ES, overcast clouds, 12.4, 81%, 5.0, E, 07:49, 18:43
2022-02-20, Montroy, ES, clear sky, 7, 84%, 4.0, W, 07:48, 18:44
2022-02-20, Montroy, ES, clear sky, 14, 37%, 2.0, NNE, 07:48, 18:44
2022-02-20, Montroy, ES, clear sky, 13.6, 58%, 6.0, E, 07:48, 18:44
2022-02-21, Montroy, ES, overcast clouds, 7, 70%, 4.0, W, 07:47, 18:45
2022-02-21, Montroy, ES, broken clouds, 18.9, 33%, 2.0, W, 07:47, 18:45
2022-02-21, Montroy, ES, clear sky, 21.6, 18%, 6.0, N, 07:47, 18:45
2022-02-22, Montroy, ES, clear sky, 7.4, 29%, 5.0, W, 07:45, 18:46
2022-02-22, Montroy, ES, clear sky, 17.8, 21%, 7.0, ESE, 07:45, 18:46
2022-02-22, Montroy, ES, clear sky, 15.5, 46%, 3.0, SE, 07:45, 18:46
2022-02-23, Montroy, ES, overcast clouds, 6.8, 48%, 4.0, WNW, 07:44, 18:47
2022-02-23, Montroy, ES, overcast clouds, 15.1, 36%, 5.0, E, 07:44, 18:47
2022-02-23, Montroy, ES, overcast clouds, 14.7, 54%, 5.1, ENE, 07:44, 18:47
2022-02-24, Montroy, ES, few clouds, 6.1, 87%, 4.0, WNW, 07:43, 18:48
2022-02-24, Montroy, ES, few clouds, 15.5, 45%, 5.0, E, 07:43, 18:48
2022-02-24, Montroy, ES, overcast clouds, 13.9, 69%, 6.0, E, 07:43, 18:48
2022-02-25, Montroy, ES, overcast clouds, 10.4, 92%, 7.0, WNW, 07:41, 18:50
2022-02-25, Montroy, ES, overcast clouds, 11.4, 88%, 4.0, N, 07:41, 18:50
2022-02-25, Montroy, ES, overcast clouds, 12, 83%, 6.0, E, 07:41, 18:50
2022-02-26, Montroy, ES, moderate rain, 10.5, 98%, 1.0, E, 07:40, 18:51
2022-02-26, Montroy, ES, overcast clouds, 11.7, 83%, 8.0, E, 07:40, 18:51
2022-02-26, Montroy, ES, overcast clouds, 11, 77%, 3.0, ENE, 07:40, 18:51
2022-02-27, Montroy, ES, overcast clouds, 8.9, 81%, 3.0, W, 07:38, 18:52
2022-02-27, Montroy, ES, overcast clouds, 11.8, 71%, 2.0, ENE, 07:38, 18:52
2022-02-27, Montroy, ES, broken clouds, 13.1, 61%, 2.0, SSW, 07:38, 18:52
2022-02-28, Montroy, ES, overcast clouds, 9.3, 84%, 3.0, W, 07:37, 18:53
2022-02-28, Montroy, ES, scattered clouds, 14.5, 48%, 4.0, SE, 07:37, 18:53
2022-02-28, Montroy, ES, scattered clouds, 13.6, 57%, 9.0, ESE, 07:37, 18:53
**March**, , , , , , , , ,
2022-03-01, Montroy, ES, clear sky, 5.7, 87%, 5.0, WNW, 07:35, 18:54
2022-03-01, Montroy, ES, clear sky, 18, 45%, 4.0, ESE, 07:35, 18:54
2022-03-01, Montroy, ES, clear sky, 15.2, 57%, 7.0, E, 07:35, 18:54
2022-03-02, Montroy, ES, clear sky, 6.4, 84%, 4.0, W, 07:34, 18:55
2022-03-02, Montroy, ES, clear sky, 17.8, 46%, 1.0, ENE, 07:34, 18:55
2022-03-02, Montroy, ES, broken clouds, 17.8, 40%, 13.0, WNW, 07:34, 18:55
2022-03-03, Montroy, ES, clear sky, 7.6, 71%, 1.0, W, 07:32, 18:56
2022-03-03, Montroy, ES, few clouds, 15.6, 48%, 7.0, ESE, 07:32, 18:56
2022-03-03, Montroy, ES, light rain, 14, 72%, 1.0, E, 07:32, 18:56
2022-03-04, Montroy, ES, overcast clouds, 9.7, 93%, 6.0, N, 07:31, 18:57
2022-03-04, Montroy, ES, overcast clouds, 14.4, 62%, 7.0, NNE, 07:31, 18:57
2022-03-04, Montroy, ES, overcast clouds, 14.6, 65%, 2.0, SE, 07:31, 18:57
2022-03-05, Montroy, ES, broken clouds, 8.7, 72%, 2.0, W, 07:29, 18:58
2022-03-05, Montroy, ES, broken clouds, 13.1, 51%, 2.0, SE, 07:29, 18:58
2022-03-05, Montroy, ES, broken clouds, 12.6, 64%, 4.0, ENE, 07:29, 18:58
2022-03-06, Montroy, ES, overcast clouds, 8.6, 89%, 1.0, WNW, 07:28, 18:59
2022-03-06, Montroy, ES, moderate rain, 10.7, 84%, 5.0, NNE, 07:28, 18:59
2022-03-06, Montroy, ES, light rain, 9, 95%, 5.0, NNE, 07:28, 18:59
2022-03-07, Montroy, ES, light rain, 8.1, 96%, 5.0, WNW, 07:26, 19:00
2022-03-07, Montroy, ES, light rain, 9.4, 93%, 5.2, NNE, 07:26, 19:00
2022-03-07, Montroy, ES, overcast clouds, 9.4, 96%, 2.0, NNW, 07:26, 19:00
2022-03-08, Montroy, ES, overcast clouds, 6.8, 96%, 2.0, W, 07:25, 19:01
2022-03-08, Montroy, ES, overcast clouds, 13.8, 62%, 2.0, NNW, 07:25, 19:01
2022-03-08, Montroy, ES, overcast clouds, 14.8, 53%, 7.0, W, 07:25, 19:01
2022-03-09, Montroy, ES, clear sky, 5.3, 85%, 5.0, W, 07:23, 19:02
2022-03-09, Montroy, ES, scattered clouds, 14.3, 57%, 6.0, E, 07:23, 19:02
2022-03-09, Montroy, ES, broken clouds, 13.7, 76%, 5.0, ENE, 07:23, 19:02
2022-03-10, Montroy, ES, overcast clouds, 7.7, 92%, 3.0, WNW, 07:22, 19:03
2022-03-10, Montroy, ES, broken clouds, 14.9, 62%, 5.0, ESE, 07:22, 19:03
2022-03-10, Montroy, ES, broken clouds, 13.1, 78%, 7.0, E, 07:22, 19:03
2022-03-11, Montroy, ES, overcast clouds, 9.3, 94%, 1.0, W, 07:20, 19:04
2022-03-11, Montroy, ES, overcast clouds, 14.6, 71%, 3.0, ENE, 07:20, 19:04
2022-03-11, Montroy, ES, overcast clouds, 12.8, 92%, 3.0, SE, 07:20, 19:04
2022-03-12, Montroy, ES, clear sky, 9.5, 65%, 10.0, W, 07:19, 19:05
2022-03-12, Montroy, ES, scattered clouds, 17.3, 35%, 18.7, WNW, 07:19, 19:05
2022-03-12, Montroy, ES, broken clouds, 18.6, 34%, 5.0, W, 07:19, 19:05
2022-03-13, Montroy, ES, overcast clouds, 10.9, 66%, 5.0, W, 07:17, 19:06
2022-03-13, Montroy, ES, overcast clouds, 17.9, 45%, 4.0, WNW, 07:17, 19:06
2022-03-13, Montroy, ES, overcast clouds, 14.8, 74%, 7.0, E, 07:17, 19:06
2022-03-14, Montroy, ES, moderate rain, 12, 98%, 10.0, E, 07:15, 19:07
2022-03-14, Montroy, ES, overcast clouds, 13.7, 84%, 11.0, NNE, 07:15, 19:07
2022-03-14, Montroy, ES, overcast clouds, 13.4, 89%, 11.0, NE, 07:15, 19:07
2022-03-15, Montroy, ES, overcast clouds, 13.4, 93%, 10.0, NE, 07:14, 19:08
2022-03-15, Montroy, ES, overcast clouds, 14.2, 89%, 10.0, NE, 07:14, 19:08
2022-03-15, Montroy, ES, overcast clouds, 13.5, 89%, 8.0, NE, 07:14, 19:08
2022-03-16, Montroy, ES, overcast clouds, 12.8, 89%, 8.0, NNE, 07:12, 19:09
2022-03-16, Montroy, ES, overcast clouds, 13.9, 85%, 5.0, NE, 07:12, 19:09
2022-03-16, Montroy, ES, overcast clouds, 13.3, 83%, 10.0, NE, 07:12, 19:09
2022-03-17, Montroy, ES, light rain, 11.2, 97%, 12.0, N, 07:11, 19:10
2022-03-17, Montroy, ES, overcast clouds, 13, 86%, 14.0, N, 07:11, 19:10
2022-03-17, Montroy, ES, overcast clouds, 12.1, 92%, 8.0, N, 07:11, 19:10
2022-03-18, Montroy, ES, light rain, 10.9, 92%, 6.0, N, 07:09, 19:11
2022-03-18, Montroy, ES, overcast clouds, 13.9, 74%, 7.0, NNE, 07:09, 19:11
2022-03-18, Montroy, ES, overcast clouds, 12.7, 85%, 6.0, NE, 07:09, 19:11
2022-03-19, Montroy, ES, light rain, 10.4, 93%, 6.0, N, 07:07, 19:12
2022-03-19, Montroy, ES, overcast clouds, 11, 93%, 7.0, NNE, 07:07, 19:12
2022-03-19, Montroy, ES, overcast clouds, 12.1, 90%, 6.0, NE, 07:07, 19:12
2022-03-20, Montroy, ES, overcast clouds, 11.1, 97%, 9.0, E, 07:06, 19:13
2022-03-20, Montroy, ES, overcast clouds, 13.3, 85%, 10.0, ENE, 07:06, 19:13
2022-03-20, Montroy, ES, overcast clouds, 12.6, 92%, 9.0, ENE, 07:06, 19:13
2022-03-21, Montroy, ES, light rain, 12, 99%, 11.0, ENE, 07:04, 19:14
2022-03-21, Montroy, ES, overcast clouds, 12.7, 98%, 14.0, ENE, 07:04, 19:14
2022-03-21, Montroy, ES, moderate rain, 12.4, 98%, 14.0, E, 07:04, 19:14
2022-03-22, Montroy, ES, overcast clouds, 10.4, 99%, 11.0, ENE, 07:03, 19:15
2022-03-22, Montroy, ES, overcast clouds, 12.9, 74%, 15.6, ENE, 07:03, 19:15
2022-03-22, Montroy, ES, overcast clouds, 12.1, 80%, 8.0, ENE, 07:03, 19:15
2022-03-23, Montroy, ES, overcast clouds, 10.8, 88%, 5.0, E, 07:01, 19:16
2022-03-23, Montroy, ES, overcast clouds, 11.9, 83%, 16.0, ENE, 07:01, 19:16
2022-03-23, Montroy, ES, light rain, 9.9, 96%, 14.0, N, 07:01, 19:16
2022-03-24, Montroy, ES, light rain, 8.9, 98%, 8.0, N, 06:59, 19:17
2022-03-24, Montroy, ES, light rain, 10.2, 99%, 6.0, NNE, 06:59, 19:17
2022-03-24, Montroy, ES, overcast clouds, 10.5, 97%, 11.0, NNE, 06:59, 19:17
2022-03-25, Montroy, ES, overcast clouds, 11.1, 98%, 8.0, NE, 06:58, 19:18
2022-03-25, Montroy, ES, overcast clouds, 11.6, 91%, 12.0, NE, 06:58, 19:18
2022-03-25, Montroy, ES, light rain, 11.4, 94%, 7.0, NE, 06:58, 19:18
2022-03-26, Montroy, ES, overcast clouds, 10.3, 89%, 9.0, N, 06:56, 19:19
2022-03-26, Montroy, ES, overcast clouds, 10.4, 91%, 10.0, NNE, 06:56, 19:19
2022-03-26, Montroy, ES, light rain, 10.3, 91%, 7.0, NW, 06:56, 19:19
2022-03-27, Montroy, ES, broken clouds, 10, 88%, 3.0, W, 07:55, 20:20
2022-03-27, Montroy, ES, overcast clouds, 13.7, 74%, 1.0, E, 07:55, 20:20
2022-03-27, Montroy, ES, broken clouds, 14.9, 66%, 6.0, E, 07:55, 20:20
2022-03-28, Montroy, ES, overcast clouds, 8.3, 90%, 4.0, WNW, 07:53, 20:21
2022-03-28, Montroy, ES, overcast clouds, 13.8, 73%, 6.4, ENE, 07:53, 20:21
2022-03-28, Montroy, ES, overcast clouds, 14.7, 75%, 3.0, E, 07:53, 20:21
2022-03-29, Montroy, ES, overcast clouds, 9.3, 87%, 0.6, NE, 07:51, 20:22
2022-03-29, Montroy, ES, overcast clouds, 14.4, 60%, 2.0, NNE, 07:51, 20:22
2022-03-29, Montroy, ES, overcast clouds, 14.8, 65%, 6.0, ESE, 07:51, 20:22
2022-03-30, Montroy, ES, overcast clouds, 10.6, 94%, 3.0, W, 07:50, 20:23
2022-03-30, Montroy, ES, overcast clouds, 15.2, 71%, 2.0, N, 07:50, 20:23
2022-03-30, Montroy, ES, overcast clouds, 13.6, 82%, 4.0, SSE, 07:50, 20:23
2022-03-31, Montroy, ES, broken clouds, 8.9, 68%, 9.0, WNW, 07:48, 20:24
2022-03-31, Montroy, ES, broken clouds, 15.9, 44%, 11.0, NNW, 07:48, 20:24
2022-03-31, Montroy, ES, overcast clouds, 18.1, 32%, 12.0, WNW, 07:48, 20:24
**April**, , , , , , , , ,
2022-04-01, Montroy, ES, broken clouds, 9.4, 60%, 7.0, NW, 07:47, 20:25
2022-04-01, Montroy, ES, clear sky, 12.5, 29%, 14.0, NW, 07:47, 20:25
2022-04-01, Montroy, ES, scattered clouds, 14.5, 24%, 12.0, N, 07:47, 20:25
2022-04-02, Montroy, ES, clear sky, 4.1, 45%, 10.0, WNW, 07:45, 20:26
2022-04-02, Montroy, ES, clear sky, 12.4, 28%, 13.0, NW, 07:45, 20:26
2022-04-02, Montroy, ES, clear sky, 15.4, 24%, 13.2, N, 07:45, 20:26
2022-04-03, Montroy, ES, few clouds, 1.4, 66%, 4.0, WNW, 07:43, 20:27
2022-04-03, Montroy, ES, clear sky, 10.5, 30%, 6.0, ENE, 07:43, 20:27
2022-04-03, Montroy, ES, broken clouds, 10.7, 43%, 9.0, ESE, 07:43, 20:27
2022-04-04, Montroy, ES, moderate rain, 6, 93%, 5.0, N, 07:42, 20:28
2022-04-04, Montroy, ES, overcast clouds, 8.9, 76%, 9.0, NE, 07:42, 20:28
2022-04-04, Montroy, ES, overcast clouds, 9.4, 64%, 13.0, ENE, 07:42, 20:28
2022-04-05, Montroy, ES, overcast clouds, 8.8, 66%, 7.0, NNE, 07:40, 20:29
2022-04-05, Montroy, ES, light rain, 10.2, 71%, 14.2, NE, 07:40, 20:29
2022-04-05, Montroy, ES, light rain, 10, 79%, 3.0, E, 07:40, 20:29
2022-04-06, Montroy, ES, overcast clouds, 6.5, 90%, 6.3, WSW, 07:39, 20:30
2022-04-06, Montroy, ES, overcast clouds, 10.8, 69%, 6.0, WSW, 07:39, 20:30
2022-04-06, Montroy, ES, scattered clouds, 18.1, 45%, 11.0, W, 07:39, 20:30
2022-04-07, Montroy, ES, few clouds, 11.2, 74%, 10.8, W, 07:37, 20:31
2022-04-07, Montroy, ES, clear sky, 20.5, 43%, 8.0, WNW, 07:37, 20:31
2022-04-07, Montroy, ES, clear sky, 24.4, 34%, 4.0, WSW, 07:37, 20:31
2022-04-08, Montroy, ES, clear sky, 13.3, 71%, 10.6, W, 07:36, 20:32
2022-04-08, Montroy, ES, broken clouds, 21.3, 40%, 20.6, W, 07:36, 20:32
2022-04-08, Montroy, ES, overcast clouds, 22.8, 30%, 1.0, SW, 07:36, 20:32
2022-04-09, Montroy, ES, overcast clouds, 14.3, 63%, 11.0, WNW, 07:34, 20:33
2022-04-09, Montroy, ES, overcast clouds, 20.1, 52%, 6.0, W, 07:34, 20:33
2022-04-09, Montroy, ES, broken clouds, 21.9, 41%, 11.0, W, 07:34, 20:33
2022-04-10, Montroy, ES, broken clouds, 11.7, 87%, 4.0, NW, 07:33, 20:34
2022-04-10, Montroy, ES, overcast clouds, 14.6, 73%, 5.5, ENE, 07:33, 20:34
2022-04-10, Montroy, ES, overcast clouds, 14.9, 80%, 6.0, E, 07:33, 20:34
2022-04-11, Montroy, ES, broken clouds, 9.8, 96%, 4.0, WNW, 07:31, 20:35
2022-04-11, Montroy, ES, overcast clouds, 14.2, 86%, 10.0, ENE, 07:31, 20:35
2022-04-11, Montroy, ES, overcast clouds, 14.5, 77%, 7.0, E, 07:31, 20:35
2022-04-12, Montroy, ES, overcast clouds, 11.8, 89%, 5.0, W, 07:30, 20:36
2022-04-12, Montroy, ES, overcast clouds, 13.7, 89%, 6.0, ESE, 07:30, 20:36
2022-04-12, Montroy, ES, overcast clouds, 13.1, 97%, 4.0, E, 07:30, 20:36
2022-04-13, Montroy, ES, overcast clouds, 12.1, 96%, 1.0, NNE, 07:28, 20:37
2022-04-13, Montroy, ES, overcast clouds, 15, 78%, 4.0, NE, 07:28, 20:37
2022-04-13, Montroy, ES, overcast clouds, 13.4, 94%, 2.0, NW, 07:28, 20:37
2022-04-14, Montroy, ES, overcast clouds, 11.4, 93%, 3.0, WNW, 07:27, 20:38
2022-04-14, Montroy, ES, broken clouds, 18.7, 47%, 11.0, NE, 07:27, 20:38
2022-04-14, Montroy, ES, clear sky, 17.2, 52%, 10.0, ENE, 07:27, 20:38
2022-04-15, Montroy, ES, overcast clouds, 12.3, 58%, 3.0, W, 07:25, 20:39
2022-04-15, Montroy, ES, broken clouds, 21.3, 37%, 4.0, NE, 07:25, 20:39
2022-04-15, Montroy, ES, few clouds, 22.4, 40%, 7.0, ESE, 07:25, 20:39
2022-04-16, Montroy, ES, clear sky, 13, 67%, 6.2, W, 07:24, 20:40
2022-04-16, Montroy, ES, clear sky, 24.4, 40%, 3.0, SE, 07:24, 20:40
2022-04-16, Montroy, ES, few clouds, 23.4, 42%, 7.0, ESE, 07:24, 20:40
2022-04-17, Montroy, ES, clear sky, 13, 72%, 5.0, W, 07:22, 20:41
2022-04-17, Montroy, ES, clear sky, 22, 39%, 6.0, ESE, 07:22, 20:41
2022-04-17, Montroy, ES, clear sky, 20.1, 50%, 5.0, E, 07:22, 20:41
2022-04-18, Montroy, ES, overcast clouds, 12, 79%, 3.0, W, 07:21, 20:42
2022-04-18, Montroy, ES, overcast clouds, 19.4, 56%, 5.0, SE, 07:21, 20:42
2022-04-18, Montroy, ES, broken clouds, 18.8, 70%, 4.0, E, 07:21, 20:42
2022-04-19, Montroy, ES, scattered clouds, 12.9, 92%, 3.0, W, 07:19, 20:43
2022-04-19, Montroy, ES, scattered clouds, 16.4, 78%, 1.0, NE, 07:19, 20:43
2022-04-19, Montroy, ES, broken clouds, 15.3, 81%, 4.0, NE, 07:19, 20:43
2022-04-20, Montroy, ES, overcast clouds, 10.8, 90%, 4.0, WNW, 07:18, 20:44
2022-04-20, Montroy, ES, broken clouds, 12.3, 92%, 1.0, ESE, 07:18, 20:44
2022-04-20, Montroy, ES, moderate rain, 9.5, 95%, 4.0, WNW, 07:18, 20:44
2022-04-21, Montroy, ES, overcast clouds, 10.5, 76%, 3.0, S, 07:17, 20:45
2022-04-21, Montroy, ES, scattered clouds, 17.1, 45%, 3.0, WSW, 07:17, 20:45
2022-04-21, Montroy, ES, broken clouds, 18, 43%, 1.0, WNW, 07:17, 20:45
2022-04-22, Montroy, ES, overcast clouds, 12, 65%, 1.0, N, 07:15, 20:46
2022-04-22, Montroy, ES, overcast clouds, 17.8, 50%, 3.0, ENE, 07:15, 20:46
2022-04-22, Montroy, ES, overcast clouds, 17.9, 57%, 3.0, NE, 07:15, 20:46
2022-04-23, Montroy, ES, overcast clouds, 11.2, 60%, 4.0, WSW, 07:14, 20:47
2022-04-23, Montroy, ES, broken clouds, 15.6, 40%, 19.0, W, 07:14, 20:47
2022-04-23, Montroy, ES, clear sky, 16.9, 41%, 15.0, WNW, 07:14, 20:47
2022-04-24, Montroy, ES, clear sky, 12, 65%, 10.0, WNW, 07:12, 20:48
2022-04-24, Montroy, ES, clear sky, 20.1, 39%, 11.0, WNW, 07:12, 20:48
2022-04-24, Montroy, ES, clear sky, 23.6, 28%, 6.0, W, 07:12, 20:48
2022-04-25, Montroy, ES, broken clouds, 11, 63%, 5.0, WNW, 07:11, 20:49
2022-04-25, Montroy, ES, few clouds, 18.6, 49%, 9.0, ESE, 07:11, 20:49
2022-04-25, Montroy, ES, few clouds, 19.1, 53%, 7.0, ENE, 07:11, 20:49
2022-04-26, Montroy, ES, broken clouds, 10.3, 62%, 2.2, WNW, 07:10, 20:50
2022-04-26, Montroy, ES, overcast clouds, 18.5, 58%, 4.0, E, 07:10, 20:50
2022-04-26, Montroy, ES, overcast clouds, 17.6, 52%, 7.0, ESE, 07:10, 20:50
2022-04-27, Montroy, ES, overcast clouds, 11.7, 87%, 4.0, W, 07:09, 20:51
2022-04-27, Montroy, ES, overcast clouds, 17.3, 60%, 1.0, SE, 07:09, 20:51
2022-04-27, Montroy, ES, overcast clouds, 14.6, 88%, 3.5, SSW, 07:09, 20:51
2022-04-28, Montroy, ES, light rain, 12.7, 97%, 1.5, SSW, 07:07, 20:52
2022-04-28, Montroy, ES, overcast clouds, 14, 90%, 4.0, WNW, 07:07, 20:52
2022-04-28, Montroy, ES, overcast clouds, 16.5, 64%, 5.0, ENE, 07:07, 20:52
2022-04-29, Montroy, ES, scattered clouds, 11.2, 73%, 5.0, W, 07:06, 20:53
2022-04-29, Montroy, ES, clear sky, 19.8, 51%, 9.0, E, 07:06, 20:53
2022-04-29, Montroy, ES, clear sky, 20, 59%, 5.0, E, 07:06, 20:53
2022-04-30, Montroy, ES, scattered clouds, 13.7, 67%, 1.0, SE, 07:05, 20:54
2022-04-30, Montroy, ES, overcast clouds, 23.7, 44%, 3.0, SE, 07:05, 20:54
2022-04-30, Montroy, ES, light rain, 22.4, 55%, 13.1, NW, 07:05, 20:54
**May**, , , , , , , , ,
2022-05-01, Montroy, ES, broken clouds, 13.6, 84%, 2.0, W, 07:04, 20:55
2022-05-01, Montroy, ES, few clouds, 20.3, 64%, 9.0, E, 07:04, 20:55
2022-05-01, Montroy, ES, broken clouds, 18.8, 69%, 4.0, ESE, 07:04, 20:55
2022-05-02, Montroy, ES, scattered clouds, 12.9, 80%, 4.0, WNW, 07:02, 20:56
2022-05-02, Montroy, ES, few clouds, 17.5, 78%, 9.0, ENE, 07:02, 20:56
2022-05-02, Montroy, ES, overcast clouds, 15.5, 90%, 6.0, ENE, 07:02, 20:56
2022-05-03, Montroy, ES, overcast clouds, 12.5, 94%, 4.0, NW, 07:01, 20:57
2022-05-03, Montroy, ES, light rain, 13, 90%, 7.0, NW, 07:01, 20:57
2022-05-03, Montroy, ES, moderate rain, 14.1, 94%, 6.0, N, 07:01, 20:57
2022-05-04, Montroy, ES, overcast clouds, 12.9, 93%, 4.0, NNE, 07:00, 20:58
2022-05-04, Montroy, ES, overcast clouds, 15.3, 78%, 7.0, NE, 07:00, 20:58
2022-05-04, Montroy, ES, overcast clouds, 14.5, 92%, 9.0, E, 07:00, 20:58
2022-05-05, Montroy, ES, overcast clouds, 12.5, 86%, 6.0, W, 06:59, 20:59
2022-05-05, Montroy, ES, scattered clouds, 20.2, 52%, 8.0, ENE, 06:59, 20:59
2022-05-05, Montroy, ES, few clouds, 20.4, 46%, 11.0, E, 06:59, 20:59
2022-05-06, Montroy, ES, clear sky, 11.4, 70%, 3.4, WNW, 06:58, 21:00
2022-05-06, Montroy, ES, clear sky, 20.8, 41%, 3.0, NE, 06:58, 21:00
2022-05-06, Montroy, ES, clear sky, 21, 43%, 7.0, ESE, 06:58, 21:00
2022-05-07, Montroy, ES, clear sky, 12.3, 71%, 4.0, WNW, 06:57, 21:01
2022-05-07, Montroy, ES, broken clouds, 22, 38%, 2.0, SW, 06:57, 21:01
2022-05-07, Montroy, ES, scattered clouds, 21.3, 40%, 9.0, E, 06:57, 21:01
2022-05-08, Montroy, ES, few clouds, 13.3, 73%, 2.0, W, 06:56, 21:02
2022-05-08, Montroy, ES, few clouds, 22.2, 45%, 6.0, E, 06:56, 21:02
2022-05-08, Montroy, ES, scattered clouds, 21, 50%, 4.0, NNE, 06:56, 21:02
2022-05-09, Montroy, ES, broken clouds, 13.5, 80%, 4.0, W, 06:55, 21:03
2022-05-09, Montroy, ES, clear sky, 20.7, 58%, 3.0, ESE, 06:55, 21:03
2022-05-09, Montroy, ES, clear sky, 20.9, 56%, 11.0, ESE, 06:55, 21:03
2022-05-10, Montroy, ES, clear sky, 12.6, 60%, 3.0, W, 06:54, 21:03
2022-05-10, Montroy, ES, clear sky, 23.3, 40%, 6.0, E, 06:54, 21:03
2022-05-10, Montroy, ES, few clouds, 22.8, 45%, 10.0, E, 06:54, 21:03
2022-05-11, Montroy, ES, scattered clouds, 13.6, 64%, 2.3, SW, 06:53, 21:04
2022-05-11, Montroy, ES, clear sky, 23.3, 41%, 5.0, E, 06:53, 21:04
2022-05-11, Montroy, ES, clear sky, 23.2, 38%, 8.0, ENE, 06:53, 21:04
2022-05-12, Montroy, ES, overcast clouds, 14.2, 82%, 6.0, WNW, 06:52, 21:05
2022-05-12, Montroy, ES, overcast clouds, 20.6, 64%, 5.0, E, 06:52, 21:05
2022-05-12, Montroy, ES, overcast clouds, 20.3, 59%, 6.0, ENE, 06:52, 21:05
2022-05-13, Montroy, ES, broken clouds, 14, 65%, 2.1, NW, 06:51, 21:06
2022-05-13, Montroy, ES, clear sky, 22.3, 59%, 4.0, ESE, 06:51, 21:06
2022-05-13, Montroy, ES, clear sky, 21.6, 62%, 7.0, E, 06:51, 21:06
2022-05-14, Montroy, ES, overcast clouds, 14.9, 67%, 1.0, SW, 06:50, 21:07
2022-05-14, Montroy, ES, overcast clouds, 23.1, 49%, 6.0, ESE, 06:50, 21:07
2022-05-14, Montroy, ES, scattered clouds, 23.2, 53%, 4.0, E, 06:50, 21:07
2022-05-15, Montroy, ES, few clouds, 14.6, 61%, 3.4, W, 06:49, 21:08
2022-05-15, Montroy, ES, broken clouds, 24.9, 39%, 4.0, E, 06:49, 21:08
2022-05-15, Montroy, ES, overcast clouds, 22.8, 63%, 11.0, E, 06:49, 21:08
2022-05-16, Montroy, ES, broken clouds, 17.4, 73%, 1.0, W, 06:48, 21:09
2022-05-16, Montroy, ES, broken clouds, 25.9, 44%, 4.0, SE, 06:48, 21:09
2022-05-16, Montroy, ES, overcast clouds, 25.3, 50%, 8.0, ENE, 06:48, 21:09
2022-05-17, Montroy, ES, clear sky, 17, 72%, 3.3, W, 06:47, 21:10
2022-05-17, Montroy, ES, clear sky, 26.4, 41%, 5.0, ESE, 06:47, 21:10
2022-05-17, Montroy, ES, few clouds, 24.7, 58%, 6.6, E, 06:47, 21:10
2022-05-18, Montroy, ES, scattered clouds, 18, 77%, 1.9, NE, 06:46, 21:11
2022-05-18, Montroy, ES, scattered clouds, 24.7, 64%, 8.0, SE, 06:46, 21:11
2022-05-18, Montroy, ES, clear sky, 24.4, 63%, 8.0, E, 06:46, 21:11
2022-05-19, Montroy, ES, broken clouds, 17.3, 68%, 2.6, NNW, 06:45, 21:12
2022-05-19, Montroy, ES, scattered clouds, 24.8, 61%, 6.0, E, 06:45, 21:12
2022-05-19, Montroy, ES, few clouds, 23.8, 61%, 10.0, E, 06:45, 21:12
2022-05-20, Montroy, ES, broken clouds, 16.9, 86%, 3.0, W, 06:45, 21:13
2022-05-20, Montroy, ES, overcast clouds, 24.6, 62%, 7.0, E, 06:45, 21:13
2022-05-20, Montroy, ES, overcast clouds, 25.7, 51%, 8.0, ENE, 06:45, 21:13
2022-05-21, Montroy, ES, broken clouds, 17.3, 62%, 1.7, WNW, 06:44, 21:14
2022-05-21, Montroy, ES, overcast clouds, 26.6, 46%, 4.0, E, 06:44, 21:14
2022-05-21, Montroy, ES, overcast clouds, 26.8, 42%, 4.0, E, 06:44, 21:14
2022-05-22, Montroy, ES, broken clouds, 17.8, 47%, 2.7, W, 06:43, 21:15
2022-05-22, Montroy, ES, broken clouds, 28.4, 16%, 6.1, SE, 06:43, 21:15
2022-05-22, Montroy, ES, overcast clouds, 27.6, 43%, 6.0, ESE, 06:43, 21:15
2022-05-23, Montroy, ES, clear sky, 20.3, 61%, 10.0, WNW, 06:42, 21:15
2022-05-23, Montroy, ES, scattered clouds, 28.8, 37%, 7.0, NW, 06:42, 21:15
2022-05-23, Montroy, ES, overcast clouds, 27.2, 27%, 10.2, W, 06:42, 21:15
2022-05-24, Montroy, ES, broken clouds, 19.9, 82%, 5.0, WNW, 06:42, 21:16
2022-05-24, Montroy, ES, broken clouds, 23.2, 64%, 5.0, ENE, 06:42, 21:16
2022-05-24, Montroy, ES, broken clouds, 22.4, 74%, 8.0, E, 06:42, 21:16
2022-05-25, Montroy, ES, broken clouds, 13.5, 65%, 11.0, WNW, 06:41, 21:17
2022-05-25, Montroy, ES, scattered clouds, 19.7, 44%, 3.0, NNE, 06:41, 21:17
2022-05-25, Montroy, ES, broken clouds, 19.6, 58%, 9.0, E, 06:41, 21:17
2022-05-26, Montroy, ES, clear sky, 14.1, 69%, 4.4, WNW, 06:41, 21:18
2022-05-26, Montroy, ES, clear sky, 23.2, 41%, 4.0, E, 06:41, 21:18
2022-05-26, Montroy, ES, clear sky, 23.8, 40%, 10.0, E, 06:41, 21:18
2022-05-27, Montroy, ES, clear sky, 16, 66%, 2.0, WNW, 06:40, 21:19
2022-05-27, Montroy, ES, clear sky, 25.8, 40%, 6.0, ESE, 06:40, 21:19
2022-05-27, Montroy, ES, clear sky, 24.2, 49%, 6.0, ENE, 06:40, 21:19
2022-05-28, Montroy, ES, clear sky, 17.5, 47%, 4.4, W, 06:39, 21:20
2022-05-28, Montroy, ES, clear sky, 29.1, 35%, 4.0, ENE, 06:39, 21:20
2022-05-28, Montroy, ES, clear sky, 29.8, 33%, 7.0, ESE, 06:39, 21:20
2022-05-29, Montroy, ES, clear sky, 20.2, 41%, 9.9, W, 06:39, 21:20
2022-05-29, Montroy, ES, scattered clouds, 25.5, 29%, 3.1, NNE, 06:39, 21:20
2022-05-29, Montroy, ES, scattered clouds, 23.5, 32%, 3.4, ENE, 06:39, 21:20
2022-05-30, Montroy, ES, broken clouds, 19, 52%, 7.0, N, 06:38, 21:21
2022-05-30, Montroy, ES, broken clouds, 28.2, 41%, 9.0, W, 06:38, 21:21
2022-05-30, Montroy, ES, broken clouds, 23.6, 29%, 12.5, W, 06:38, 21:21
2022-05-31, Montroy, ES, broken clouds, 18, 83%, 2.0, WNW, 06:38, 21:22
2022-05-31, Montroy, ES, clear sky, 24.8, 28%, 5.3, ESE, 06:38, 21:22
2022-05-31, Montroy, ES, clear sky, 23.2, 42%, 9.8, E, 06:38, 21:22
**June**, , , , , , , , ,
2022-06-01, Montroy, ES, clear sky, 17.9, 84%, 4.0, W, 06:38, 21:23
2022-06-01, Montroy, ES, clear sky, 24.5, 33%, 6.2, ESE, 06:38, 21:23
2022-06-01, Montroy, ES, clear sky, 25, 66%, 6.0, ENE, 06:38, 21:23
2022-06-02, Montroy, ES, few clouds, 18.4, 95%, 2.0, W, 06:37, 21:23
2022-06-02, Montroy, ES, scattered clouds, 24.6, 30%, 3.0, ESE, 06:37, 21:23
2022-06-02, Montroy, ES, overcast clouds, 23.3, 47%, 9.3, ENE, 06:37, 21:23
2022-06-03, Montroy, ES, few clouds, 21, 83%, 1.0, S, 06:37, 21:24
2022-06-03, Montroy, ES, clear sky, 26.6, 50%, 7.0, E, 06:37, 21:24
2022-06-03, Montroy, ES, clear sky, 25, 61%, 7.0, ENE, 06:37, 21:24
2022-06-04, Montroy, ES, overcast clouds, 18.3, 87%, 2.0, W, 06:36, 21:25
2022-06-04, Montroy, ES, overcast clouds, 25.8, 57%, 8.0, ENE, 06:36, 21:25
2022-06-04, Montroy, ES, clear sky, 25.3, 58%, 7.0, E, 06:36, 21:25
2022-06-05, Montroy, ES, broken clouds, 20.4, 45%, 6.8, W, 06:36, 21:25
2022-06-05, Montroy, ES, few clouds, 30.5, 24%, 6.0, NW, 06:36, 21:25
2022-06-05, Montroy, ES, overcast clouds, 27.1, 49%, 1.2, SSW, 06:36, 21:25
2022-06-06, Montroy, ES, clear sky, 18.5, 50%, 1.5, WSW, 06:36, 21:26
2022-06-06, Montroy, ES, few clouds, 25.3, 30%, 8.5, E, 06:36, 21:26
2022-06-06, Montroy, ES, clear sky, 27.1, 35%, 10.7, E, 06:36, 21:26
2022-06-07, Montroy, ES, broken clouds, 19.1, 41%, 4.7, W, 06:36, 21:26
2022-06-07, Montroy, ES, few clouds, 25.7, 57%, 9.8, E, 06:36, 21:26
2022-06-07, Montroy, ES, scattered clouds, 27.5, 47%, 6.0, E, 06:36, 21:26
2022-06-08, Montroy, ES, overcast clouds, 19.2, 91%, 1.9, WSW, 06:35, 21:27
2022-06-08, Montroy, ES, overcast clouds, 31.5, 28%, 4.0, W, 06:35, 21:27
2022-06-08, Montroy, ES, overcast clouds, 27.6, 54%, 8.0, E, 06:35, 21:27
2022-06-09, Montroy, ES, broken clouds, 21.5, 82%, 3.0, WNW, 06:35, 21:28
2022-06-09, Montroy, ES, clear sky, 28.1, 51%, 6.0, SE, 06:35, 21:28
2022-06-09, Montroy, ES, clear sky, 28.6, 43%, 7.9, ESE, 06:35, 21:28
2022-06-09, Montroy, ES, clear sky, 27.8, 47%, 10.0, ESE, 06:35, 21:28
2022-06-10, Montroy, ES, clear sky, 20.1, 71%, 4.0, W, 06:35, 21:28
2022-06-10, Montroy, ES, clear sky, 27.5, 48%, 7.0, ESE, 06:35, 21:28
2022-06-10, Montroy, ES, clear sky, 28.2, 44%, 6.0, NE, 06:35, 21:28
2022-06-11, Montroy, ES, clear sky, 19.2, 69%, 4.0, WNW, 06:35, 21:29
2022-06-11, Montroy, ES, clear sky, 29.2, 35%, 6.0, E, 06:35, 21:29
2022-06-11, Montroy, ES, clear sky, 28.9, 35%, 12.0, E, 06:35, 21:29
2022-06-12, Montroy, ES, scattered clouds, 19.6, 56%, 2.0, WNW, 06:35, 21:29
2022-06-12, Montroy, ES, few clouds, 29.8, 35%, 5.0, E, 06:35, 21:29
2022-06-12, Montroy, ES, few clouds, 29.7, 37%, 7.0, E, 06:35, 21:29
2022-06-13, Montroy, ES, few clouds, 21, 37%, 4.0, WNW, 06:35, 21:29
2022-06-13, Montroy, ES, few clouds, 27.5, 20%, 11.3, E, 06:35, 21:29
2022-06-13, Montroy, ES, clear sky, 26.9, 57%, 8.8, E, 06:35, 21:29
2022-06-14, Montroy, ES, broken clouds, 20.3, 73%, 1.1, WNW, 06:35, 21:30
2022-06-14, Montroy, ES, few clouds, 27.1, 24%, 8.6, E, 06:35, 21:30
2022-06-14, Montroy, ES, clear sky, 29.8, 28%, 4.0, NNE, 06:35, 21:30
2022-06-15, Montroy, ES, broken clouds, 22.7, 35%, 4.1, WSW, 06:35, 21:30
2022-06-15, Montroy, ES, clear sky, 29.9, 17%, 7.5, E, 06:35, 21:30
2022-06-15, Montroy, ES, overcast clouds, 31.2, 36%, 7.0, E, 06:35, 21:30
2022-06-16, Montroy, ES, overcast clouds, 23.1, 70%, 1.8, WSW, 06:35, 21:31
2022-06-16, Montroy, ES, overcast clouds, 31.3, 38%, 7.0, ESE, 06:35, 21:31
2022-06-16, Montroy, ES, scattered clouds, 31.2, 31%, 7.0, ENE, 06:35, 21:31
2022-06-17, Montroy, ES, clear sky, 22.5, 49%, 1.0, W, 06:35, 21:31
2022-06-17, Montroy, ES, few clouds, 35, 19%, 4.0, SE, 06:35, 21:31
2022-06-17, Montroy, ES, clear sky, 34.2, 24%, 9.0, E, 06:35, 21:31
2022-06-18, Montroy, ES, clear sky, 20.1, 34%, 3.1, W, 06:35, 21:31
2022-06-18, Montroy, ES, clear sky, 32.4, 27%, 7.0, E, 06:35, 21:31
2022-06-18, Montroy, ES, few clouds, 31.5, 30%, 7.0, ENE, 06:35, 21:31
2022-06-19, Montroy, ES, clear sky, 22.5, 85%, 4.0, WNW, 06:35, 21:32
2022-06-19, Montroy, ES, clear sky, 28.3, 29%, 4.8, ESE, 06:35, 21:32
2022-06-19, Montroy, ES, clear sky, 28.7, 56%, 10.0, E, 06:35, 21:32
2022-06-20, Montroy, ES, clear sky, 22.1, 89%, 4.0, WNW, 06:35, 21:32
2022-06-20, Montroy, ES, few clouds, 29.1, 27%, 3.4, SE, 06:35, 21:32
2022-06-20, Montroy, ES, scattered clouds, 29.4, 54%, 10.0, E, 06:35, 21:32
2022-06-21, Montroy, ES, broken clouds, 22.7, 72%, 2.0, SW, 06:36, 21:32
2022-06-21, Montroy, ES, broken clouds, 28.7, 23%, 3.2, SSE, 06:36, 21:32
2022-06-21, Montroy, ES, overcast clouds, 28.9, 64%, 3.0, N, 06:36, 21:32
2022-06-22, Montroy, ES, scattered clouds, 20.7, 50%, 10.0, W, 06:36, 21:32
2022-06-22, Montroy, ES, clear sky, 28.3, 25%, 9.0, WNW, 06:36, 21:32
2022-06-22, Montroy, ES, clear sky, 30.2, 28%, 10.0, E, 06:36, 21:32
2022-06-23, Montroy, ES, clear sky, 22.3, 37%, 9.0, WNW, 06:36, 21:32
2022-06-23, Montroy, ES, clear sky, 28.9, 26%, 5.0, W, 06:36, 21:32
2022-06-23, Montroy, ES, clear sky, 32.6, 17%, 4.0, N, 06:36, 21:32
2022-06-24, Montroy, ES, clear sky, 21.8, 41%, 4.0, W, 06:36, 21:33
2022-06-24, Montroy, ES, clear sky, 29.2, 28%, 7.0, W, 06:36, 21:33
2022-06-24, Montroy, ES, clear sky, 31.6, 18%, 8.0, WNW, 06:36, 21:33
2022-06-25, Montroy, ES, clear sky, 20.6, 65%, 3.3, W, 06:37, 21:33
2022-06-25, Montroy, ES, clear sky, 27.3, 48%, 5.0, ENE, 06:37, 21:33
2022-06-25, Montroy, ES, clear sky, 27.8, 43%, 6.0, E, 06:37, 21:33
2022-06-26, Montroy, ES, few clouds, 20.1, 88%, 5.0, WNW, 06:37, 21:33
2022-06-26, Montroy, ES, clear sky, 25.6, 61%, 10.0, E, 06:37, 21:33
2022-06-26, Montroy, ES, clear sky, 26.3, 59%, 7.0, ENE, 06:37, 21:33
2022-06-27, Montroy, ES, scattered clouds, 21.2, 86%, 3.0, WNW, 06:37, 21:33
2022-06-27, Montroy, ES, overcast clouds, 22.4, 75%, 2.0, NNE, 06:37, 21:33
2022-06-27, Montroy, ES, broken clouds, 25.6, 61%, 6.0, NE, 06:37, 21:33
2022-06-28, Montroy, ES, clear sky, 17.7, 83%, 3.0, W, 06:38, 21:33
2022-06-28, Montroy, ES, clear sky, 26.3, 55%, 5.0, SSE, 06:38, 21:33
2022-06-28, Montroy, ES, clear sky, 27.5, 52%, 9.0, E, 06:38, 21:33
2022-06-29, Montroy, ES, clear sky, 19.7, 90%, 3.0, W, 06:38, 21:33
2022-06-29, Montroy, ES, clear sky, 27.1, 39%, 9.6, E, 06:38, 21:33
2022-06-29, Montroy, ES, clear sky, 28.8, 45%, 7.0, ESE, 06:38, 21:33
2022-06-30, Montroy, ES, clear sky, 19.5, 88%, 3.0, WNW, 06:38, 21:33
2022-06-30, Montroy, ES, scattered clouds, 27.1, 46%, 8.9, E, 06:38, 21:33
2022-06-30, Montroy, ES, scattered clouds, 27.8, 56%, 9.0, ESE, 06:38, 21:33
**July**, , , , , , , , ,
2022-07-01, Montroy, ES, scattered clouds, 21.3, 86%, 2.0, NNW, 06:39, 21:33
2022-07-01, Montroy, ES, broken clouds, 25.1, 47%, 5.0, E, 06:39, 21:33
2022-07-02, Montroy, ES, scattered clouds, 19.2, 92%, 4.0, WNW, 06:39, 21:33
2022-07-02, Montroy, ES, few clouds, 25.5, 62%, 7.0, ESE, 06:39, 21:33
2022-07-02, Montroy, ES, clear sky, 27.3, 51%, 6.0, ESE, 06:39, 21:33
2022-07-03, Montroy, ES, overcast clouds, 20.4, 70%, 1.0, WNW, 06:40, 21:32
2022-07-03, Montroy, ES, scattered clouds, 28.2, 48%, 9.0, ESE, 06:40, 21:32
2022-07-03, Montroy, ES, broken clouds, 28.4, 41%, 2.5, ESE, 06:40, 21:32
2022-07-04, Montroy, ES, scattered clouds, 20.8, 66%, 2.0, WSW, 06:40, 21:32
2022-07-04, Montroy, ES, clear sky, 28.9, 30%, 7.5, E, 06:40, 21:32
2022-07-04, Montroy, ES, clear sky, 29.8, 47%, 7.0, E, 06:40, 21:32
2022-07-05, Montroy, ES, scattered clouds, 22.6, 85%, 4.0, NW, 06:41, 21:32
2022-07-05, Montroy, ES, broken clouds, 27.7, 53%, 11.4, E, 06:41, 21:32
2022-07-05, Montroy, ES, light rain, 26.7, 60%, 6.6, ESE, 06:41, 21:32
2022-07-06, Montroy, ES, overcast clouds, 22.2, 89%, 1.0, W, 06:41, 21:32
2022-07-06, Montroy, ES, overcast clouds, 27, 72%, 7.0, E, 06:41, 21:32
2022-07-06, Montroy, ES, scattered clouds, 26.9, 58%, 11.5, E, 06:41, 21:32
2022-07-07, Montroy, ES, clear sky, 20.3, 83%, 2.0, W, 06:42, 21:31
2022-07-07, Montroy, ES, clear sky, 27, 55%, 4.0, SE, 06:42, 21:31
2022-07-07, Montroy, ES, scattered clouds, 28.1, 49%, 8.0, ESE, 06:42, 21:31
2022-07-08, Montroy, ES, clear sky, 20.6, 65%, 3.0, WNW, 06:43, 21:31
2022-07-08, Montroy, ES, clear sky, 30.1, 34%, 7.0, SSE, 06:43, 21:31
2022-07-08, Montroy, ES, clear sky, 30.2, 41%, 11.0, E, 06:43, 21:31
2022-07-09, Montroy, ES, clear sky, 20.8, 80%, 4.0, WNW, 06:43, 21:31
2022-07-09, Montroy, ES, clear sky, 30.2, 36%, 2.0, SSE, 06:43, 21:31
2022-07-09, Montroy, ES, clear sky, 29.7, 42%, 9.0, SE, 06:43, 21:31
2022-07-10, Montroy, ES, clear sky, 20.6, 63%, 3.0, WNW, 06:44, 21:30
2022-07-10, Montroy, ES, clear sky, 30, 37%, 7.0, E, 06:44, 21:30
2022-07-10, Montroy, ES, clear sky, 30.6, 33%, 13.2, E, 06:44, 21:30
2022-07-11, Montroy, ES, clear sky, 22, 70%, 3.0, W, 06:45, 21:30
2022-07-11, Montroy, ES, clear sky, 31.4, 24%, 9.5, ESE, 06:45, 21:30
2022-07-11, Montroy, ES, clear sky, 31.7, 36%, 15.0, E, 06:45, 21:30
2022-07-12, Montroy, ES, clear sky, 21.5, 64%, 4.0, W, 06:45, 21:30
2022-07-12, Montroy, ES, clear sky, 31.6, 29%, 5.0, ESE, 06:45, 21:30
2022-07-12, Montroy, ES, clear sky, 32.1, 31%, 9.0, E, 06:45, 21:30
2022-07-13, Montroy, ES, clear sky, 22.2, 41%, 3.1, WSW, 06:46, 21:29
2022-07-13, Montroy, ES, clear sky, 33.7, 22%, 8.9, ESE, 06:46, 21:29
2022-07-13, Montroy, ES, clear sky, 34, 25%, 8.0, E, 06:46, 21:29
2022-07-14, Montroy, ES, clear sky, 23, 63%, 1.8, SSW, 06:47, 21:29
2022-07-14, Montroy, ES, clear sky, 30.4, 32%, 8.6, E, 06:47, 21:29
2022-07-14, Montroy, ES, clear sky, 30.9, 47%, 5.0, NNE, 06:47, 21:29
2022-07-15, Montroy, ES, clear sky, 21.4, 45%, 3.0, WSW, 06:47, 21:28
2022-07-15, Montroy, ES, clear sky, 31.7, 21%, 8.5, E, 06:47, 21:28
2022-07-15, Montroy, ES, clear sky, 32.3, 31%, 12.5, E, 06:47, 21:28
2022-07-16, Montroy, ES, clear sky, 23, 45%, 4.0, W, 06:48, 21:28
2022-07-16, Montroy, ES, clear sky, 34.8, 19%, 5.0, ESE, 06:48, 21:28
2022-07-16, Montroy, ES, clear sky, 33.7, 27%, 10.0, ESE, 06:48, 21:28
2022-07-17, Montroy, ES, clear sky, 22.9, 51%, 4.0, W, 06:49, 21:27
2022-07-17, Montroy, ES, clear sky, 33.4, 24%, 7.0, ESE, 06:49, 21:27
2022-07-17, Montroy, ES, clear sky, 33.1, 33%, 11.0, ESE, 06:49, 21:27
2022-07-18, Montroy, ES, clear sky, 22.1, 60%, 4.0, W, 06:50, 21:26
2022-07-18, Montroy, ES, clear sky, 31.1, 24%, 9.8, ESE, 06:50, 21:26
2022-07-18, Montroy, ES, clear sky, 31.5, 40%, 10.0, ESE, 06:50, 21:26
2022-07-19, Montroy, ES, clear sky, 21.8, 66%, 4.0, W, 06:51, 21:26
2022-07-19, Montroy, ES, clear sky, 31, 20%, 8.3, ESE, 06:51, 21:26
2022-07-19, Montroy, ES, clear sky, 31.7, 45%, 10.0, E, 06:51, 21:26
2022-07-20, Montroy, ES, clear sky, 23.2, 73%, 4.0, W, 06:51, 21:25
2022-07-20, Montroy, ES, clear sky, 29.6, 54%, 10.8, ENE, 06:51, 21:25
2022-07-20, Montroy, ES, clear sky, 29.7, 50%, 9.0, E, 06:51, 21:25
2022-07-21, Montroy, ES, clear sky, 22.9, 84%, 4.0, W, 06:52, 21:24
2022-07-21, Montroy, ES, clear sky, 30, 53%, 4.0, ESE, 06:52, 21:24
2022-07-21, Montroy, ES, clear sky, 30.7, 47%, 8.0, E, 06:52, 21:24
2022-07-22, Montroy, ES, clear sky, 22.4, 75%, 2.0, WNW, 06:53, 21:24
2022-07-22, Montroy, ES, clear sky, 32.1, 24%, 8.4, ESE, 06:53, 21:24
2022-07-22, Montroy, ES, clear sky, 33.4, 37%, 5.0, ENE, 06:53, 21:24
2022-07-23, Montroy, ES, clear sky, 23.1, 74%, 3.0, W, 06:54, 21:23
2022-07-23, Montroy, ES, clear sky, 31.8, 40%, 11.6, E, 06:54, 21:23
2022-07-24, Montroy, ES, clear sky, 22.4, 84%, 4.0, W, 06:55, 21:22
2022-07-24, Montroy, ES, clear sky, 30.9, 19%, 6.2, ESE, 06:55, 21:22
2022-07-24, Montroy, ES, clear sky, 33.2, 40%, 10.4, E, 06:55, 21:22
2022-07-25, Montroy, ES, scattered clouds, 23.8, 23%, 7.0, W, 06:56, 21:21
2022-07-25, Montroy, ES, overcast clouds, 32, 13%, 1.4, NW, 06:56, 21:21
2022-07-25, Montroy, ES, broken clouds, 32.2, 45%, 8.7, E, 06:56, 21:21
2022-07-26, Montroy, ES, scattered clouds, 25.3, 87%, 1.0, ESE, 06:56, 21:20
2022-07-26, Montroy, ES, broken clouds, 29.4, 61%, 9.0, E, 06:56, 21:20
2022-07-26, Montroy, ES, clear sky, 30.1, 58%, 9.0, E, 06:56, 21:20
2022-07-27, Montroy, ES, overcast clouds, 25.4, 90%, 4.0, E, 06:57, 21:20
2022-07-27, Montroy, ES, broken clouds, 29.5, 60%, 13.0, ESE, 06:57, 21:20
2022-07-27, Montroy, ES, scattered clouds, 29.9, 57%, 9.0, E, 06:57, 21:20
2022-07-28, Montroy, ES, clear sky, 24.3, 88%, 3.0, WNW, 06:58, 21:19
2022-07-28, Montroy, ES, clear sky, 30.6, 45%, 6.7, ESE, 06:58, 21:19
2022-07-28, Montroy, ES, clear sky, 30.7, 55%, 9.0, E, 06:58, 21:19
2022-07-29, Montroy, ES, broken clouds, 24.3, 89%, 4.0, WNW, 06:59, 21:18
2022-07-29, Montroy, ES, scattered clouds, 29.8, 60%, 4.0, ENE, 06:59, 21:18
2022-07-29, Montroy, ES, clear sky, 30, 58%, 10.0, E, 06:59, 21:18
2022-07-30, Montroy, ES, broken clouds, 28.9, 64%, 8.0, ENE, 07:00, 21:17
2022-07-30, Montroy, ES, scattered clouds, 30.1, 51%, 10.7, E, 07:00, 21:17
2022-07-31, Montroy, ES, scattered clouds, 24.3, 89%, 2.0, W, 07:01, 21:16
2022-07-31, Montroy, ES, scattered clouds, 29.2, 66%, 7.0, E, 07:01, 21:16
2022-07-31, Montroy, ES, clear sky, 30.4, 57%, 8.0, E, 07:01, 21:16
**Aug**, , , , , , , , ,
2022-08-01, Montroy, ES, clear sky, 23.1, 87%, 2.2, W, 07:02, 21:15
2022-08-01, Montroy, ES, clear sky, 28.8, 35%, 9.1, E, 07:02, 21:15
2022-08-01, Montroy, ES, clear sky, 30.2, 50%, 10.4, E, 07:02, 21:15
2022-08-02, Montroy, ES, clear sky, 23.1, 66%, 2.0, WNW, 07:03, 21:14
2022-08-02, Montroy, ES, clear sky, 32.1, 38%, 7.0, ESE, 07:03, 21:14
2022-08-02, Montroy, ES, clear sky, 32.9, 37%, 7.0, ENE, 07:03, 21:14
2022-08-03, Montroy, ES, clear sky, 23, 72%, 4.0, W, 07:04, 21:13
2022-08-03, Montroy, ES, clear sky, 31.6, 34%, 9.0, ESE, 07:04, 21:13
2022-08-03, Montroy, ES, clear sky, 34.6, 28%, 7.0, E, 07:04, 21:13
2022-08-04, Montroy, ES, clear sky, 23.4, 78%, 3.0, W, 07:05, 21:12
2022-08-04, Montroy, ES, clear sky, 31.3, 39%, 8.2, ESE, 07:05, 21:12
2022-08-04, Montroy, ES, clear sky, 32.4, 39%, 11.0, E, 07:05, 21:12
2022-08-05, Montroy, ES, clear sky, 30.6, 32%, 9.4, ESE, 07:05, 21:11
2022-08-05, Montroy, ES, clear sky, 31.6, 42%, 8.0, ESE, 07:05, 21:11
2022-08-06, Montroy, ES, clear sky, 22.9, 88%, 1.0, N, 07:06, 21:10
2022-08-06, Montroy, ES, clear sky, 31.2, 53%, 7.0, ESE, 07:06, 21:10
2022-08-06, Montroy, ES, clear sky, 31.5, 45%, 14.0, E, 07:06, 21:10
2022-08-07, Montroy, ES, clear sky, 22.3, 87%, 2.0, W, 07:07, 21:08
2022-08-07, Montroy, ES, clear sky, 31.8, 19%, 8.0, ESE, 07:07, 21:08
2022-08-07, Montroy, ES, clear sky, 32.3, 43%, 8.0, ENE, 07:07, 21:08
2022-08-08, Montroy, ES, clear sky, 22.8, 90%, 3.0, WNW, 07:08, 21:07
2022-08-08, Montroy, ES, clear sky, 30.4, 26%, 8.2, ESE, 07:08, 21:07
2022-08-08, Montroy, ES, clear sky, 31.8, 42%, 14.0, E, 07:08, 21:07
2022-08-09, Montroy, ES, clear sky, 23.4, 89%, 3.0, WNW, 07:09, 21:06
2022-08-09, Montroy, ES, clear sky, 30.8, 32%, 8.9, ESE, 07:09, 21:06
2022-08-09, Montroy, ES, clear sky, 31, 50%, 11.0, E, 07:09, 21:06
2022-08-10, Montroy, ES, few clouds, 23.9, 87%, 3.0, W, 07:10, 21:05
2022-08-10, Montroy, ES, clear sky, 31.3, 30%, 10.4, E, 07:10, 21:05
2022-08-11, Montroy, ES, clear sky, 22.4, 83%, 2.0, W, 07:11, 21:04
2022-08-11, Montroy, ES, clear sky, 31.2, 28%, 9.3, ESE, 07:11, 21:04
2022-08-11, Montroy, ES, clear sky, 32.5, 28%, 14.3, E, 07:11, 21:04
2022-08-12, Montroy, ES, clear sky, 22.4, 71%, 3.0, W, 07:12, 21:02
2022-08-12, Montroy, ES, clear sky, 30, 21%, 3.9, SW, 07:12, 21:02
2022-08-12, Montroy, ES, clear sky, 34.1, 21%, 2.3, SW, 07:12, 21:02
2022-08-12, Montroy, ES, clear sky, 37.8, 11%, 2.8, W, 07:12, 21:02
2022-08-13, Montroy, ES, clear sky, 28.7, 27%, 6.0, WSW, 07:13, 21:01
2022-08-13, Montroy, ES, broken clouds, 37.7, 13%, 5.1, WSW, 07:13, 21:01
2022-08-13, Montroy, ES, overcast clouds, 36.7, 10%, 19.7, WSW, 07:13, 21:01
2022-08-14, Montroy, ES, scattered clouds, 24.6, 50%, 1.0, W, 07:14, 21:00
2022-08-14, Montroy, ES, clear sky, 35.9, 26%, 7.0, W, 07:14, 21:00
2022-08-14, Montroy, ES, scattered clouds, 36.6, 23%, 14.0, NW, 07:14, 21:00
2022-08-15, Montroy, ES, clear sky, 23.1, 46%, 4.0, WNW, 07:15, 20:59
2022-08-15, Montroy, ES, clear sky, 31.8, 21%, 3.0, ESE, 07:15, 20:59
2022-08-15, Montroy, ES, clear sky, 30.1, 23%, 1.3, SSE, 07:15, 20:59
2022-08-16, Montroy, ES, clear sky, 23.4, 40%, 5.0, NW, 07:16, 20:57
2022-08-16, Montroy, ES, clear sky, 32.1, 26%, 4.0, ESE, 07:16, 20:57
2022-08-16, Montroy, ES, few clouds, 31.9, 15%, 1.6, W, 07:16, 20:57
2022-08-17, Montroy, ES, clear sky, 21.9, 67%, 3.0, W, 07:17, 20:56
2022-08-17, Montroy, ES, broken clouds, 30.1, 38%, 10.0, E, 07:17, 20:56
2022-08-17, Montroy, ES, clear sky, 29, 46%, 13.0, E, 07:17, 20:56
2022-08-18, Montroy, ES, clear sky, 18.9, 66%, 1.0, SSW, 07:18, 20:55
2022-08-18, Montroy, ES, clear sky, 27.2, 36%, 6.0, ENE, 07:18, 20:55
2022-08-18, Montroy, ES, few clouds, 29.5, 34%, 10.0, ESE, 07:18, 20:55
2022-08-19, Montroy, ES, clear sky, 19.8, 74%, 3.0, W, 07:19, 20:53
2022-08-19, Montroy, ES, clear sky, 27.9, 41%, 8.0, E, 07:19, 20:53
2022-08-19, Montroy, ES, clear sky, 27.6, 55%, 8.0, E, 07:19, 20:53
2022-08-20, Montroy, ES, clear sky, 20, 82%, 4.0, WNW, 07:19, 20:52
2022-08-20, Montroy, ES, clear sky, 28.7, 34%, 6.9, ESE, 07:19, 20:52
2022-08-20, Montroy, ES, clear sky, 30.4, 49%, 8.0, ESE, 07:19, 20:52
2022-08-21, Montroy, ES, clear sky, 21.7, 71%, 3.0, WNW, 07:20, 20:50
2022-08-21, Montroy, ES, clear sky, 29.9, 18%, 1.9, N, 07:20, 20:50
2022-08-21, Montroy, ES, scattered clouds, 30.6, 40%, 7.2, ENE, 07:20, 20:50
2022-08-22, Montroy, ES, clear sky, 22.7, 82%, 4.0, WNW, 07:21, 20:49
2022-08-22, Montroy, ES, clear sky, 29.1, 48%, 6.0, E, 07:21, 20:49
2022-08-22, Montroy, ES, scattered clouds, 30, 43%, 10.0, ESE, 07:21, 20:49
2022-08-23, Montroy, ES, clear sky, 22.2, 90%, 3.0, WNW, 07:22, 20:48
2022-08-23, Montroy, ES, clear sky, 29.4, 56%, 5.0, ESE, 07:22, 20:48
2022-08-23, Montroy, ES, clear sky, 30.2, 54%, 7.0, E, 07:22, 20:48
2022-08-24, Montroy, ES, scattered clouds, 23.5, 89%, 4.0, WNW, 07:23, 20:46
2022-08-24, Montroy, ES, few clouds, 29.9, 53%, 6.7, ESE, 07:23, 20:46
2022-08-24, Montroy, ES, scattered clouds, 30.7, 51%, 8.0, ENE, 07:23, 20:46
2022-08-25, Montroy, ES, broken clouds, 24.4, 85%, 3.3, WSW, 07:24, 20:45
2022-08-25, Montroy, ES, few clouds, 29.7, 65%, 7.0, ESE, 07:24, 20:45
2022-08-25, Montroy, ES, clear sky, 30.8, 45%, 10.0, ENE, 07:24, 20:45
2022-08-26, Montroy, ES, few clouds, 21.3, 78%, 2.0, W, 07:25, 20:43
2022-08-26, Montroy, ES, few clouds, 28.1, 59%, 7.0, ENE, 07:25, 20:43
2022-08-26, Montroy, ES, few clouds, 27.1, 65%, 13.1, E, 07:25, 20:43
2022-08-27, Montroy, ES, broken clouds, 19.1, 71%, 2.8, NW, 07:26, 20:42
2022-08-27, Montroy, ES, clear sky, 27.4, 61%, 5.0, E, 07:26, 20:42
2022-08-27, Montroy, ES, clear sky, 29, 54%, 11.0, E, 07:26, 20:42
2022-08-28, Montroy, ES, clear sky, 22.4, 89%, 2.2, NNW, 07:27, 20:40
2022-08-28, Montroy, ES, clear sky, 28.8, 55%, 4.0, ESE, 07:27, 20:40
2022-08-29, Montroy, ES, overcast clouds, 22, 90%, 2.0, W, 07:28, 20:39
2022-08-29, Montroy, ES, overcast clouds, 27.9, 66%, 7.0, E, 07:28, 20:39
2022-08-29, Montroy, ES, broken clouds, 29.1, 63%, 5.0, E, 07:28, 20:39
2022-08-30, Montroy, ES, clear sky, 23.4, 90%, 3.0, WNW, 07:29, 20:37
2022-08-30, Montroy, ES, clear sky, 30.1, 32%, 4.1, ESE, 07:29, 20:37
2022-08-30, Montroy, ES, clear sky, 30.1, 59%, 9.4, ESE, 07:29, 20:37
2022-08-31, Montroy, ES, broken clouds, 22.3, 79%, 1.0, SW, 07:30, 20:36
2022-08-31, Montroy, ES, few clouds, 31.4, 39%, 7.0, WNW, 07:30, 20:36
2022-08-31, Montroy, ES, clear sky, 35.9, 25%, 7.0, W, 07:30, 20:36
**Sept**, , , , , , , , ,
2022-09-01, Montroy, ES, few clouds, 21.7, 91%, 2.0, W, 07:31, 20:34
2022-09-01, Montroy, ES, scattered clouds, 28.4, 29%, 4.6, ESE, 07:31, 20:34
2022-09-01, Montroy, ES, overcast clouds, 28.1, 66%, 6.0, ENE, 07:31, 20:34
2022-09-02, Montroy, ES, overcast clouds, 22.8, 40%, 2.0, W, 07:31, 20:33
2022-09-02, Montroy, ES, broken clouds, 32.1, 18%, 12.3, W, 07:31, 20:33
2022-09-02, Montroy, ES, scattered clouds, 35, 14%, 14.6, WNW, 07:31, 20:33
2022-09-03, Montroy, ES, few clouds, 20.5, 30%, 6.9, W, 07:32, 20:31
2022-09-03, Montroy, ES, few clouds, 28.6, 22%, 9.1, W, 07:32, 20:31
2022-09-04, Montroy, ES, few clouds, 20.4, 85%, 3.7, WNW, 07:33, 20:30
2022-09-04, Montroy, ES, scattered clouds, 28.4, 32%, 6.4, E, 07:33, 20:30
2022-09-04, Montroy, ES, clear sky, 29.6, 46%, 11.9, E, 07:33, 20:30
2022-09-05, Montroy, ES, broken clouds, 21.8, 88%, 2.1, SW, 07:34, 20:28
2022-09-05, Montroy, ES, clear sky, 28.3, 59%, 4.0, ESE, 07:34, 20:28
2022-09-05, Montroy, ES, clear sky, 30.5, 48%, 3.1, ESE, 07:34, 20:28
2022-09-06, Montroy, ES, broken clouds, 20.8, 39%, 6.6, W, 07:35, 20:26
2022-09-06, Montroy, ES, few clouds, 31.7, 24%, 3.0, N, 07:35, 20:26
2022-09-06, Montroy, ES, clear sky, 32.2, 22%, 6.8, W, 07:35, 20:26
2022-09-07, Montroy, ES, broken clouds, 21.2, 46%, 6.0, W, 07:36, 20:25
2022-09-07, Montroy, ES, clear sky, 32.1, 25%, 1.0, N, 07:36, 20:25
2022-09-07, Montroy, ES, broken clouds, 33.4, 16%, 13.0, WNW, 07:36, 20:25
2022-09-08, Montroy, ES, broken clouds, 21.8, 32%, 3.0, W, 07:37, 20:23
2022-09-08, Montroy, ES, overcast clouds, 29.6, 23%, 3.0, N, 07:37, 20:23
2022-09-09, Montroy, ES, overcast clouds, 20.7, 71%, 5.8, W, 07:38, 20:22
2022-09-09, Montroy, ES, broken clouds, 30.8, 37%, 6.0, WNW, 07:38, 20:22
2022-09-09, Montroy, ES, broken clouds, 29.6, 44%, 8.0, NE, 07:38, 20:22
2022-09-10, Montroy, ES, clear sky, 21.7, 84%, 3.0, W, 07:39, 20:20
2022-09-10, Montroy, ES, scattered clouds, 28.3, 65%, 7.0, ESE, 07:39, 20:20
2022-09-10, Montroy, ES, few clouds, 29, 60%, 10.0, ENE, 07:39, 20:20
2022-09-11, Montroy, ES, broken clouds, 21.2, 92%, 2.0, W, 07:40, 20:18
2022-09-11, Montroy, ES, overcast clouds, 29, 30%, 6.2, SE, 07:40, 20:18
2022-09-11, Montroy, ES, broken clouds, 29.7, 50%, 10.5, E, 07:40, 20:18
2022-09-12, Montroy, ES, overcast clouds, 22.9, 90%, 3.0, WNW, 07:40, 20:17
2022-09-12, Montroy, ES, overcast clouds, 28.2, 40%, 6.8, ESE, 07:40, 20:17
2022-09-12, Montroy, ES, broken clouds, 28.3, 59%, 9.3, ENE, 07:40, 20:17
2022-09-13, Montroy, ES, overcast clouds, 22.5, 91%, 5.0, WNW, 07:41, 20:15
2022-09-13, Montroy, ES, overcast clouds, 22.5, 62%, 3.5, WSW, 07:41, 20:15
2022-09-13, Montroy, ES, overcast clouds, 23.6, 80%, 4.0, SE, 07:41, 20:15
2022-09-14, Montroy, ES, overcast clouds, 22.3, 74%, 2.0, S, 07:42, 20:13
2022-09-14, Montroy, ES, overcast clouds, 23.4, 69%, 1.0, N, 07:42, 20:13
2022-09-14, Montroy, ES, scattered clouds, 30.1, 33%, 6.0, W, 07:42, 20:13
2022-09-15, Montroy, ES, clear sky, 19.5, 59%, 1.0, ESE, 07:43, 20:12
2022-09-15, Montroy, ES, few clouds, 29, 36%, 4.0, WSW, 07:43, 20:12
2022-09-15, Montroy, ES, clear sky, 31.5, 26%, 6.0, W, 07:43, 20:12
2022-09-16, Montroy, ES, scattered clouds, 20.4, 67%, 4.0, W, 07:44, 20:10
2022-09-16, Montroy, ES, few clouds, 27.3, 45%, 4.0, NNE, 07:44, 20:10
2022-09-16, Montroy, ES, scattered clouds, 27.8, 56%, 10.0, E, 07:44, 20:10
2022-09-17, Montroy, ES, clear sky, 19.9, 88%, 4.0, WNW, 07:45, 20:09
2022-09-17, Montroy, ES, clear sky, 24.7, 62%, 13.5, ESE, 07:45, 20:09
2022-09-17, Montroy, ES, scattered clouds, 25.2, 59%, 4.0, ENE, 07:45, 20:09
2022-09-18, Montroy, ES, overcast clouds, 20.4, 78%, 4.0, NNW, 07:46, 20:07
2022-09-18, Montroy, ES, overcast clouds, 21.5, 87%, 4.0, NE, 07:46, 20:07
2022-09-18, Montroy, ES, overcast clouds, 23.2, 73%, 8.0, NE, 07:46, 20:07
2022-09-19, Montroy, ES, overcast clouds, 20.4, 81%, 3.0, WNW, 07:47, 20:05
2022-09-19, Montroy, ES, scattered clouds, 25.8, 61%, 3.0, S, 07:47, 20:05
2022-09-19, Montroy, ES, clear sky, 26.3, 57%, 7.0, E, 07:47, 20:05
2022-09-20, Montroy, ES, clear sky, 18.2, 87%, 4.0, WNW, 07:48, 20:04
2022-09-20, Montroy, ES, clear sky, 26.4, 48%, 3.0, ENE, 07:48, 20:04
2022-09-20, Montroy, ES, clear sky, 26.8, 55%, 10.0, ESE, 07:48, 20:04
2022-09-21, Montroy, ES, overcast clouds, 19.5, 83%, 4.0, W, 07:49, 20:02
2022-09-21, Montroy, ES, overcast clouds, 25.4, 65%, 5.0, E, 07:49, 20:02
2022-09-21, Montroy, ES, overcast clouds, 26, 44%, 10.0, NW, 07:49, 20:02
2022-09-22, Montroy, ES, overcast clouds, 19.1, 79%, 4.0, W, 07:49, 20:00
2022-09-22, Montroy, ES, scattered clouds, 25.5, 62%, 4.0, ESE, 07:49, 20:00
2022-09-22, Montroy, ES, scattered clouds, 23.7, 71%, 4.0, ENE, 07:49, 20:00
2022-09-23, Montroy, ES, scattered clouds, 19.6, 90%, 2.0, W, 07:50, 19:59
2022-09-23, Montroy, ES, scattered clouds, 25, 68%, 1.0, NE, 07:50, 19:59
2022-09-23, Montroy, ES, broken clouds, 25.6, 66%, 6.0, ESE, 07:50, 19:59
2022-09-24, Montroy, ES, overcast clouds, 18.2, 74%, 2.0, W, 07:51, 19:57
2022-09-24, Montroy, ES, overcast clouds, 25.3, 65%, 5.2, WNW, 07:51, 19:57
2022-09-24, Montroy, ES, overcast clouds, 24, 69%, 7.0, ENE, 07:51, 19:57
2022-09-25, Montroy, ES, scattered clouds, 19.5, 69%, 1.0, NNE, 07:52, 19:55
2022-09-25, Montroy, ES, scattered clouds, 22, 48%, 7.0, E, 07:52, 19:55
2022-09-25, Montroy, ES, broken clouds, 21.5, 65%, 9.0, E, 07:52, 19:55
2022-09-26, Montroy, ES, overcast clouds, 16.6, 82%, 2.0, WNW, 07:53, 19:54
2022-09-26, Montroy, ES, overcast clouds, 20.9, 56%, 3.0, ENE, 07:53, 19:54
2022-09-26, Montroy, ES, broken clouds, 22, 68%, 4.0, SE, 07:53, 19:54
2022-09-27, Montroy, ES, clear sky, 13.9, 73%, 7.4, W, 07:54, 19:52
2022-09-27, Montroy, ES, few clouds, 23.9, 33%, 12.5, WNW, 07:54, 19:52
2022-09-27, Montroy, ES, clear sky, 29.3, 10%, 15.8, WNW, 07:54, 19:52
2022-09-28, Montroy, ES, few clouds, 15.7, 52%, 6.6, W, 07:55, 19:50
2022-09-28, Montroy, ES, scattered clouds, 26.1, 29%, 12.4, W, 07:55, 19:50
2022-09-28, Montroy, ES, overcast clouds, 27.8, 25%, 16.6, W, 07:55, 19:50
2022-09-29, Montroy, ES, overcast clouds, 16.6, 49%, 8.7, W, 07:56, 19:49
2022-09-29, Montroy, ES, broken clouds, 22.7, 40%, 16.2, W, 07:56, 19:49
2022-09-29, Montroy, ES, broken clouds, 24.5, 29%, 19.4, WNW, 07:56, 19:49
2022-09-30, Montroy, ES, few clouds, 14.6, 54%, 7.8, WNW, 07:57, 19:47
2022-09-30, Montroy, ES, clear sky, 22, 28%, 9.8, NNW, 07:57, 19:47
2022-09-30, Montroy, ES, scattered clouds, 23.5, 19%, 9.3, ENE, 07:57, 19:47
**Oct**, , , , , , , , ,
2022-10-01, Montroy, ES, few clouds, 13, 57%, 5.5, W, 07:58, 19:46
2022-10-01, Montroy, ES, broken clouds, 22.4, 29%, 1.8, S, 07:58, 19:46
2022-10-01, Montroy, ES, overcast clouds, 24.2, 25%, 9.5, ESE, 07:58, 19:46
2022-10-02, Montroy, ES, few clouds, 14.5, 50%, 3.7, W, 07:59, 19:44
2022-10-02, Montroy, ES, scattered clouds, 23, 32%, 4.5, ESE, 07:59, 19:44
2022-10-02, Montroy, ES, few clouds, 24.3, 30%, 8.7, E, 07:59, 19:44
2022-10-03, Montroy, ES, overcast clouds, 16.3, 37%, 1.2, WSW, 08:00, 19:42
2022-10-03, Montroy, ES, overcast clouds, 21.9, 48%, 3.7, E, 08:00, 19:42
2022-10-03, Montroy, ES, overcast clouds, 24.5, 58%, 6.0, ESE, 08:00, 19:42
2022-10-04, Montroy, ES, overcast clouds, 17.8, 91%, 3.0, W, 08:01, 19:41
2022-10-04, Montroy, ES, overcast clouds, 24.1, 73%, 1.0, S, 08:01, 19:41
2022-10-04, Montroy, ES, overcast clouds, 23.4, 77%, 9.0, ESE, 08:01, 19:41
2022-10-05, Montroy, ES, scattered clouds, 17.6, 92%, 4.0, WNW, 08:02, 19:39
2022-10-05, Montroy, ES, broken clouds, 22.5, 75%, 2.0, N, 08:02, 19:39
2022-10-05, Montroy, ES, broken clouds, 23.4, 71%, 7.0, E, 08:02, 19:39
2022-10-06, Montroy, ES, broken clouds, 17.7, 87%, 6.0, WNW, 08:03, 19:38
2022-10-06, Montroy, ES, scattered clouds, 22.3, 71%, 7.0, NE, 08:03, 19:38
2022-10-06, Montroy, ES, scattered clouds, 22.5, 62%, 12.7, ENE, 08:03, 19:38
2022-10-07, Montroy, ES, overcast clouds, 17.6, 90%, 3.0, WNW, 08:04, 19:36
2022-10-07, Montroy, ES, overcast clouds, 20.8, 83%, 3.0, ESE, 08:04, 19:36
2022-10-07, Montroy, ES, overcast clouds, 21.7, 76%, 5.0, E, 08:04, 19:36
2022-10-08, Montroy, ES, broken clouds, 16.1, 95%, 3.0, W, 08:04, 19:35
2022-10-08, Montroy, ES, broken clouds, 22.8, 67%, 1.0, ESE, 08:04, 19:35
2022-10-08, Montroy, ES, broken clouds, 22.3, 67%, 6.0, NE, 08:04, 19:35
2022-10-09, Montroy, ES, broken clouds, 17.7, 92%, 3.0, NW, 08:05, 19:33
2022-10-09, Montroy, ES, broken clouds, 21.5, 74%, 1.0, S, 08:05, 19:33
2022-10-09, Montroy, ES, broken clouds, 22.4, 70%, 6.0, ESE, 08:05, 19:33
2022-10-10, Montroy, ES, broken clouds, 16, 91%, 2.0, WNW, 08:06, 19:31
2022-10-10, Montroy, ES, overcast clouds, 22.5, 70%, 1.0, SSE, 08:06, 19:31
2022-10-10, Montroy, ES, light rain, 21.3, 66%, 5.8, E, 08:06, 19:31
2022-10-11, Montroy, ES, overcast clouds, 16.6, 94%, 3.0, NNW, 08:07, 19:30
2022-10-11, Montroy, ES, overcast clouds, 19.8, 75%, 4.0, NNE, 08:07, 19:30
2022-10-11, Montroy, ES, overcast clouds, 19.7, 78%, 4.0, N, 08:07, 19:30
2022-10-12, Montroy, ES, scattered clouds, 16, 88%, 1.0, WSW, 08:08, 19:28
2022-10-12, Montroy, ES, overcast clouds, 21.6, 63%, 6.0, E, 08:08, 19:28
2022-10-12, Montroy, ES, broken clouds, 22.4, 61%, 3.0, ENE, 08:08, 19:28
2022-10-13, Montroy, ES, clear sky, 14.1, 83%, 4.0, WNW, 08:09, 19:27
2022-10-13, Montroy, ES, few clouds, 23, 57%, 7.0, E, 08:09, 19:27
2022-10-13, Montroy, ES, scattered clouds, 25.1, 44%, 5.0, ESE, 08:09, 19:27
2022-10-14, Montroy, ES, few clouds, 16.6, 65%, 4.0, W, 08:10, 19:25
2022-10-14, Montroy, ES, clear sky, 26.2, 38%, 4.0, N, 08:10, 19:25
2022-10-14, Montroy, ES, clear sky, 26.9, 42%, 5.0, E, 08:10, 19:25
2022-10-15, Montroy, ES, clear sky, 16.3, 66%, 4.0, WNW, 08:11, 19:24
2022-10-15, Montroy, ES, few clouds, 24.4, 46%, 4.0, ESE, 08:11, 19:24
2022-10-15, Montroy, ES, broken clouds, 24.6, 61%, 1.0, ENE, 08:11, 19:24
2022-10-16, Montroy, ES, clear sky, 16.5, 66%, 4.0, W, 08:12, 19:22
2022-10-16, Montroy, ES, few clouds, 24.3, 28%, 3.0, SW, 08:12, 19:22
2022-10-16, Montroy, ES, overcast clouds, 23.2, 69%, 4.0, SE, 08:12, 19:22
2022-10-17, Montroy, ES, overcast clouds, 17.9, 84%, 1.8, ENE, 08:14, 19:21
2022-10-17, Montroy, ES, broken clouds, 22.7, 71%, 5.0, E, 08:14, 19:21
2022-10-17, Montroy, ES, clear sky, 23.8, 67%, 7.0, E, 08:14, 19:21
2022-10-18, Montroy, ES, broken clouds, 17.8, 94%, 2.0, WNW, 08:15, 19:20
2022-10-18, Montroy, ES, scattered clouds, 22.6, 79%, 4.0, SE, 08:15, 19:20
2022-10-18, Montroy, ES, broken clouds, 23.6, 74%, 6.0, ENE, 08:15, 19:20
2022-10-19, Montroy, ES, broken clouds, 18.6, 93%, 1.0, SSW, 08:16, 19:18
2022-10-19, Montroy, ES, overcast clouds, 23.7, 42%, 2.0, NNW, 08:16, 19:18
2022-10-19, Montroy, ES, overcast clouds, 23, 79%, 4.0, E, 08:16, 19:18
2022-10-20, Montroy, ES, overcast clouds, 19.3, 94%, 3.0, W, 08:17, 19:17
2022-10-20, Montroy, ES, overcast clouds, 22.2, 84%, 3.0, ESE, 08:17, 19:17
2022-10-20, Montroy, ES, overcast clouds, 22.7, 81%, 3.0, ESE, 08:17, 19:17
2022-10-21, Montroy, ES, broken clouds, 19, 71%, 4.0, W, 08:18, 19:15
2022-10-21, Montroy, ES, overcast clouds, 24.5, 51%, 3.0, E, 08:18, 19:15
2022-10-21, Montroy, ES, overcast clouds, 24.7, 53%, 7.0, NNW, 08:18, 19:15
2022-10-22, Montroy, ES, overcast clouds, 16.7, 76%, 4.0, WNW, 08:19, 19:14
2022-10-22, Montroy, ES, overcast clouds, 22.5, 64%, 4.0, ESE, 08:19, 19:14
2022-10-22, Montroy, ES, overcast clouds, 22.9, 70%, 4.0, E, 08:19, 19:14
2022-10-23, Montroy, ES, overcast clouds, 17.8, 93%, 4.0, WNW, 08:20, 19:13
2022-10-23, Montroy, ES, overcast clouds, 22.9, 35%, 4.6, W, 08:20, 19:13
2022-10-23, Montroy, ES, overcast clouds, 23.9, 72%, 3.0, SSW, 08:20, 19:13
2022-10-24, Montroy, ES, broken clouds, 17.4, 65%, 2.0, W, 08:21, 19:11
2022-10-24, Montroy, ES, overcast clouds, 22.9, 68%, 2.0, SE, 08:21, 19:11
2022-10-24, Montroy, ES, overcast clouds, 26, 43%, 4.0, SSE, 08:21, 19:11
2022-10-25, Montroy, ES, overcast clouds, 15.6, 81%, 4.0, W, 08:22, 19:10
2022-10-25, Montroy, ES, broken clouds, 23.6, 28%, 4.2, SE, 08:22, 19:10
2022-10-25, Montroy, ES, broken clouds, 23.8, 58%, 5.4, E, 08:22, 19:10
2022-10-26, Montroy, ES, overcast clouds, 17.6, 65%, 5.1, W, 08:23, 19:09
2022-10-26, Montroy, ES, overcast clouds, 25.1, 45%, 1.3, SE, 08:23, 19:09
2022-10-26, Montroy, ES, overcast clouds, 23.6, 61%, 2.0, ESE, 08:23, 19:09
2022-10-27, Montroy, ES, broken clouds, 15.6, 85%, 4.0, W, 08:24, 19:08
2022-10-27, Montroy, ES, overcast clouds, 23, 68%, 2.0, ENE, 08:24, 19:08
2022-10-27, Montroy, ES, overcast clouds, 22.4, 73%, 4.0, ENE, 08:24, 19:08
2022-10-28, Montroy, ES, overcast clouds, 14.8, 95%, 5.0, W, 08:25, 19:06
2022-10-28, Montroy, ES, overcast clouds, 21.9, 78%, 6.0, E, 08:25, 19:06
2022-10-29, Montroy, ES, overcast clouds, 16.1, 95%, 3.0, W, 08:26, 19:05
2022-10-29, Montroy, ES, overcast clouds, 21.2, 77%, 3.6, E, 08:26, 19:05
**Nov**, , , , , , , , ,
